region_code,label,count
x156y096,x156y096,"1"
x156y098,x156y098,"1"
x157y096,x157y096,"1"
x157y097,x157y097,"1"
x157y098,x157y098,"1"
x157y099,x157y099,"1"
x158y097,x158y097,"1"
x158y098,x158y098,"1"
x163y095,x163y095,"1"
x163y096,x163y096,"1"
x163y104,x163y104,"1"
x163y105,x163y105,"1"
x164y091,x164y091,"1"
x164y092,x164y092,"1"
x164y093,x164y093,"1"
x164y094,x164y094,"1"
x164y095,x164y095,"1"
x164y096,x164y096,"1"
x164y097,x164y097,"1"
x164y098,x164y098,"1"
x164y099,x164y099,"1"
x164y100,x164y100,"1"
x164y101,x164y101,"1"
x164y102,x164y102,"1"
x164y103,x164y103,"1"
x164y104,x164y104,"1"
x164y105,x164y105,"1"
x164y106,x164y106,"1"
x164y107,x164y107,"1"
x165y091,x165y091,"1"
x165y092,x165y092,"1"
x165y093,x165y093,"1"
x165y094,x165y094,"1"
x165y095,x165y095,"1"
x165y096,x165y096,"1"
x165y097,x165y097,"1"
x165y098,x165y098,"1"
x165y099,x165y099,"1"
x165y100,x165y100,"1"
x165y101,x165y101,"1"
x165y102,x165y102,"1"
x165y103,x165y103,"1"
x165y104,x165y104,"1"
x165y105,x165y105,"1"
x165y106,x165y106,"1"
x165y107,x165y107,"1"
x165y108,x165y108,"1"
x166y090,x166y090,"1"
x166y091,x166y091,"1"
x166y092,x166y092,"1"
x166y093,x166y093,"1"
x166y094,x166y094,"1"
x166y095,x166y095,"1"
x166y096,x166y096,"1"
x166y097,x166y097,"1"
x166y098,x166y098,"1"
x166y099,x166y099,"1"
x166y100,x166y100,"1"
x166y101,x166y101,"1"
x166y102,x166y102,"1"
x166y103,x166y103,"1"
x166y104,x166y104,"1"
x166y105,x166y105,"1"
x166y106,x166y106,"1"
x166y107,x166y107,"1"
x166y108,x166y108,"1"
x166y109,x166y109,"1"
x166y110,x166y110,"1"
x166y111,x166y111,"1"
x167y087,x167y087,"1"
x167y088,x167y088,"1"
x167y089,x167y089,"1"
x167y090,x167y090,"1"
x167y091,x167y091,"1"
x167y092,x167y092,"1"
x167y093,x167y093,"1"
x167y094,x167y094,"1"
x167y095,x167y095,"1"
x167y096,x167y096,"1"
x167y097,x167y097,"1"
x167y098,x167y098,"1"
x167y099,x167y099,"1"
x167y100,x167y100,"1"
x167y101,x167y101,"1"
x167y102,x167y102,"1"
x167y103,x167y103,"1"
x167y104,x167y104,"1"
x167y105,x167y105,"1"
x167y106,x167y106,"1"
x167y107,x167y107,"1"
x167y108,x167y108,"1"
x167y109,x167y109,"1"
x167y110,x167y110,"1"
x167y111,x167y111,"1"
x167y112,x167y112,"1"
x168y086,x168y086,"1"
x168y087,x168y087,"1"
x168y088,x168y088,"1"
x168y089,x168y089,"1"
x168y090,x168y090,"1"
x168y091,x168y091,"1"
x168y092,x168y092,"1"
x168y093,x168y093,"1"
x168y094,x168y094,"1"
x168y095,x168y095,"1"
x168y096,x168y096,"1"
x168y097,x168y097,"1"
x168y098,x168y098,"1"
x168y099,x168y099,"1"
x168y100,x168y100,"1"
x168y101,x168y101,"1"
x168y102,x168y102,"1"
x168y103,x168y103,"1"
x168y104,x168y104,"1"
x168y105,x168y105,"1"
x168y106,x168y106,"1"
x168y107,x168y107,"1"
x168y108,x168y108,"1"
x168y109,x168y109,"1"
x168y110,x168y110,"1"
x168y111,x168y111,"1"
x168y112,x168y112,"1"
x169y085,x169y085,"1"
x169y086,x169y086,"1"
x169y087,x169y087,"1"
x169y088,x169y088,"1"
x169y089,x169y089,"1"
x169y090,x169y090,"1"
x169y091,x169y091,"1"
x169y092,x169y092,"1"
x169y093,x169y093,"1"
x169y094,x169y094,"1"
x169y095,x169y095,"1"
x169y096,x169y096,"1"
x169y097,x169y097,"1"
x169y098,x169y098,"1"
x169y099,x169y099,"1"
x169y100,x169y100,"1"
x169y101,x169y101,"1"
x169y102,x169y102,"1"
x169y103,x169y103,"1"
x169y104,x169y104,"1"
x169y105,x169y105,"1"
x169y106,x169y106,"1"
x169y107,x169y107,"1"
x169y108,x169y108,"1"
x169y109,x169y109,"1"
x169y110,x169y110,"1"
x169y111,x169y111,"1"
x169y112,x169y112,"1"
x169y113,x169y113,"1"
x170y084,x170y084,"1"
x170y085,x170y085,"1"
x170y086,x170y086,"1"
x170y087,x170y087,"1"
x170y088,x170y088,"1"
x170y089,x170y089,"1"
x170y090,x170y090,"1"
x170y091,x170y091,"1"
x170y092,x170y092,"1"
x170y093,x170y093,"1"
x170y094,x170y094,"1"
x170y095,x170y095,"1"
x170y096,x170y096,"1"
x170y097,x170y097,"1"
x170y098,x170y098,"1"
x170y099,x170y099,"1"
x170y100,x170y100,"1"
x170y101,x170y101,"1"
x170y102,x170y102,"1"
x170y103,x170y103,"1"
x170y104,x170y104,"1"
x170y105,x170y105,"1"
x170y106,x170y106,"1"
x170y107,x170y107,"1"
x170y108,x170y108,"1"
x170y109,x170y109,"1"
x170y110,x170y110,"1"
x170y111,x170y111,"1"
x170y112,x170y112,"1"
x170y113,x170y113,"1"
x170y114,x170y114,"1"
x171y083,x171y083,"1"
x171y084,x171y084,"1"
x171y085,x171y085,"1"
x171y086,x171y086,"1"
x171y087,x171y087,"1"
x171y088,x171y088,"1"
x171y089,x171y089,"1"
x171y090,x171y090,"1"
x171y091,x171y091,"1"
x171y092,x171y092,"1"
x171y093,x171y093,"1"
x171y094,x171y094,"1"
x171y095,x171y095,"1"
x171y096,x171y096,"1"
x171y097,x171y097,"1"
x171y098,x171y098,"1"
x171y099,x171y099,"1"
x171y100,x171y100,"1"
x171y101,x171y101,"1"
x171y102,x171y102,"1"
x171y103,x171y103,"1"
x171y104,x171y104,"1"
x171y105,x171y105,"1"
x171y106,x171y106,"1"
x171y107,x171y107,"1"
x171y108,x171y108,"1"
x171y109,x171y109,"1"
x171y110,x171y110,"1"
x171y111,x171y111,"1"
x171y112,x171y112,"1"
x171y113,x171y113,"1"
x171y114,x171y114,"1"
x171y115,x171y115,"1"
x171y116,x171y116,"1"
x171y117,x171y117,"1"
x171y118,x171y118,"1"
x172y082,x172y082,"1"
x172y083,x172y083,"1"
x172y084,x172y084,"1"
x172y085,x172y085,"1"
x172y086,x172y086,"1"
x172y087,x172y087,"1"
x172y088,x172y088,"1"
x172y089,x172y089,"1"
x172y090,x172y090,"1"
x172y091,x172y091,"1"
x172y092,x172y092,"1"
x172y093,x172y093,"1"
x172y094,x172y094,"1"
x172y095,x172y095,"1"
x172y096,x172y096,"1"
x172y097,x172y097,"1"
x172y098,x172y098,"1"
x172y099,x172y099,"1"
x172y100,x172y100,"1"
x172y101,x172y101,"1"
x172y102,x172y102,"1"
x172y103,x172y103,"1"
x172y104,x172y104,"1"
x172y105,x172y105,"1"
x172y106,x172y106,"1"
x172y107,x172y107,"1"
x172y108,x172y108,"1"
x172y109,x172y109,"1"
x172y110,x172y110,"1"
x172y111,x172y111,"1"
x172y112,x172y112,"1"
x172y113,x172y113,"1"
x172y114,x172y114,"1"
x172y115,x172y115,"1"
x172y116,x172y116,"1"
x172y117,x172y117,"1"
x172y118,x172y118,"1"
x172y119,x172y119,"1"
x173y082,x173y082,"1"
x173y083,x173y083,"1"
x173y084,x173y084,"1"
x173y085,x173y085,"1"
x173y086,x173y086,"1"
x173y087,x173y087,"1"
x173y088,x173y088,"1"
x173y089,x173y089,"1"
x173y090,x173y090,"1"
x173y091,x173y091,"1"
x173y092,x173y092,"1"
x173y093,x173y093,"1"
x173y094,x173y094,"1"
x173y095,x173y095,"1"
x173y096,x173y096,"1"
x173y097,x173y097,"1"
x173y098,x173y098,"1"
x173y099,x173y099,"1"
x173y100,x173y100,"1"
x173y101,x173y101,"1"
x173y102,x173y102,"1"
x173y103,x173y103,"1"
x173y104,x173y104,"1"
x173y105,x173y105,"1"
x173y106,x173y106,"1"
x173y107,x173y107,"1"
x173y108,x173y108,"1"
x173y109,x173y109,"1"
x173y110,x173y110,"1"
x173y111,x173y111,"1"
x173y112,x173y112,"1"
x173y113,x173y113,"1"
x173y114,x173y114,"1"
x173y115,x173y115,"1"
x173y116,x173y116,"1"
x173y117,x173y117,"1"
x173y118,x173y118,"1"
x173y119,x173y119,"1"
x174y083,x174y083,"1"
x174y084,x174y084,"1"
x174y085,x174y085,"1"
x174y086,x174y086,"1"
x174y087,x174y087,"1"
x174y088,x174y088,"1"
x174y089,x174y089,"1"
x174y090,x174y090,"1"
x174y091,x174y091,"1"
x174y092,x174y092,"1"
x174y093,x174y093,"1"
x174y094,x174y094,"1"
x174y095,x174y095,"1"
x174y096,x174y096,"1"
x174y097,x174y097,"1"
x174y098,x174y098,"1"
x174y099,x174y099,"1"
x174y100,x174y100,"1"
x174y101,x174y101,"1"
x174y102,x174y102,"1"
x174y103,x174y103,"1"
x174y104,x174y104,"1"
x174y105,x174y105,"1"
x174y106,x174y106,"1"
x174y107,x174y107,"1"
x174y108,x174y108,"1"
x174y109,x174y109,"1"
x174y110,x174y110,"1"
x174y111,x174y111,"1"
x174y112,x174y112,"1"
x174y113,x174y113,"1"
x174y114,x174y114,"1"
x174y115,x174y115,"1"
x174y116,x174y116,"1"
x174y117,x174y117,"1"
x174y118,x174y118,"1"
x174y119,x174y119,"1"
x174y120,x174y120,"1"
x174y121,x174y121,"1"
x175y083,x175y083,"1"
x175y084,x175y084,"1"
x175y085,x175y085,"1"
x175y086,x175y086,"1"
x175y087,x175y087,"1"
x175y088,x175y088,"1"
x175y089,x175y089,"1"
x175y090,x175y090,"1"
x175y091,x175y091,"1"
x175y092,x175y092,"1"
x175y093,x175y093,"1"
x175y094,x175y094,"1"
x175y095,x175y095,"1"
x175y096,x175y096,"1"
x175y097,x175y097,"1"
x175y098,x175y098,"1"
x175y099,x175y099,"1"
x175y100,x175y100,"1"
x175y101,x175y101,"1"
x175y102,x175y102,"1"
x175y103,x175y103,"1"
x175y104,x175y104,"1"
x175y105,x175y105,"1"
x175y106,x175y106,"1"
x175y107,x175y107,"1"
x175y108,x175y108,"1"
x175y109,x175y109,"1"
x175y110,x175y110,"1"
x175y111,x175y111,"1"
x175y112,x175y112,"1"
x175y113,x175y113,"1"
x175y114,x175y114,"1"
x175y115,x175y115,"1"
x175y116,x175y116,"1"
x175y117,x175y117,"1"
x175y118,x175y118,"1"
x175y119,x175y119,"1"
x175y120,x175y120,"1"
x175y121,x175y121,"1"
x176y083,x176y083,"1"
x176y084,x176y084,"1"
x176y085,x176y085,"1"
x176y086,x176y086,"1"
x176y087,x176y087,"1"
x176y088,x176y088,"1"
x176y089,x176y089,"1"
x176y090,x176y090,"1"
x176y091,x176y091,"1"
x176y092,x176y092,"1"
x176y093,x176y093,"1"
x176y094,x176y094,"1"
x176y095,x176y095,"1"
x176y096,x176y096,"1"
x176y097,x176y097,"1"
x176y098,x176y098,"1"
x176y099,x176y099,"1"
x176y100,x176y100,"1"
x176y101,x176y101,"1"
x176y102,x176y102,"1"
x176y103,x176y103,"1"
x176y104,x176y104,"1"
x176y105,x176y105,"1"
x176y106,x176y106,"1"
x176y107,x176y107,"1"
x176y108,x176y108,"1"
x176y109,x176y109,"1"
x176y110,x176y110,"1"
x176y111,x176y111,"1"
x176y112,x176y112,"1"
x176y113,x176y113,"1"
x176y114,x176y114,"1"
x176y115,x176y115,"1"
x176y116,x176y116,"1"
x176y117,x176y117,"1"
x176y118,x176y118,"1"
x176y119,x176y119,"1"
x176y120,x176y120,"1"
x176y121,x176y121,"1"
x177y083,x177y083,"1"
x177y084,x177y084,"1"
x177y085,x177y085,"1"
x177y086,x177y086,"1"
x177y087,x177y087,"1"
x177y088,x177y088,"1"
x177y089,x177y089,"1"
x177y090,x177y090,"1"
x177y091,x177y091,"1"
x177y092,x177y092,"1"
x177y093,x177y093,"1"
x177y094,x177y094,"1"
x177y095,x177y095,"1"
x177y096,x177y096,"1"
x177y097,x177y097,"1"
x177y098,x177y098,"1"
x177y099,x177y099,"1"
x177y100,x177y100,"1"
x177y101,x177y101,"1"
x177y102,x177y102,"1"
x177y103,x177y103,"1"
x177y104,x177y104,"1"
x177y105,x177y105,"1"
x177y106,x177y106,"1"
x177y107,x177y107,"1"
x177y108,x177y108,"1"
x177y109,x177y109,"1"
x177y110,x177y110,"1"
x177y111,x177y111,"1"
x177y112,x177y112,"1"
x177y113,x177y113,"1"
x177y114,x177y114,"1"
x177y115,x177y115,"1"
x177y116,x177y116,"1"
x177y117,x177y117,"1"
x177y118,x177y118,"1"
x177y119,x177y119,"1"
x177y120,x177y120,"1"
x177y121,x177y121,"1"
x178y083,x178y083,"1"
x178y084,x178y084,"1"
x178y085,x178y085,"1"
x178y086,x178y086,"1"
x178y087,x178y087,"1"
x178y088,x178y088,"1"
x178y089,x178y089,"1"
x178y090,x178y090,"1"
x178y091,x178y091,"1"
x178y092,x178y092,"1"
x178y093,x178y093,"1"
x178y094,x178y094,"1"
x178y095,x178y095,"1"
x178y096,x178y096,"1"
x178y097,x178y097,"1"
x178y098,x178y098,"1"
x178y099,x178y099,"1"
x178y100,x178y100,"1"
x178y101,x178y101,"1"
x178y102,x178y102,"1"
x178y103,x178y103,"1"
x178y104,x178y104,"1"
x178y105,x178y105,"1"
x178y106,x178y106,"1"
x178y107,x178y107,"1"
x178y108,x178y108,"1"
x178y109,x178y109,"1"
x178y110,x178y110,"1"
x178y111,x178y111,"1"
x178y112,x178y112,"1"
x178y113,x178y113,"1"
x178y114,x178y114,"1"
x178y115,x178y115,"1"
x178y116,x178y116,"1"
x178y117,x178y117,"1"
x178y118,x178y118,"1"
x178y119,x178y119,"1"
x178y120,x178y120,"1"
x178y121,x178y121,"1"
x179y083,x179y083,"1"
x179y084,x179y084,"1"
x179y085,x179y085,"1"
x179y086,x179y086,"1"
x179y087,x179y087,"1"
x179y088,x179y088,"1"
x179y089,x179y089,"1"
x179y090,x179y090,"1"
x179y091,x179y091,"1"
x179y092,x179y092,"1"
x179y093,x179y093,"1"
x179y094,x179y094,"1"
x179y095,x179y095,"1"
x179y096,x179y096,"1"
x179y097,x179y097,"1"
x179y098,x179y098,"1"
x179y099,x179y099,"1"
x179y100,x179y100,"1"
x179y101,x179y101,"1"
x179y102,x179y102,"1"
x179y103,x179y103,"1"
x179y104,x179y104,"1"
x179y105,x179y105,"1"
x179y106,x179y106,"1"
x179y107,x179y107,"1"
x179y108,x179y108,"1"
x179y109,x179y109,"1"
x179y110,x179y110,"1"
x179y111,x179y111,"1"
x179y112,x179y112,"1"
x179y113,x179y113,"1"
x179y114,x179y114,"1"
x179y115,x179y115,"1"
x179y116,x179y116,"1"
x179y117,x179y117,"1"
x179y118,x179y118,"1"
x179y119,x179y119,"1"
x179y120,x179y120,"1"
x179y121,x179y121,"1"
x180y083,x180y083,"1"
x180y084,x180y084,"1"
x180y085,x180y085,"1"
x180y086,x180y086,"1"
x180y087,x180y087,"1"
x180y088,x180y088,"1"
x180y089,x180y089,"1"
x180y090,x180y090,"1"
x180y091,x180y091,"1"
x180y092,x180y092,"1"
x180y093,x180y093,"1"
x180y094,x180y094,"1"
x180y095,x180y095,"1"
x180y096,x180y096,"1"
x180y097,x180y097,"1"
x180y098,x180y098,"1"
x180y099,x180y099,"1"
x180y100,x180y100,"1"
x180y101,x180y101,"1"
x180y102,x180y102,"1"
x180y103,x180y103,"1"
x180y104,x180y104,"1"
x180y105,x180y105,"1"
x180y106,x180y106,"1"
x180y107,x180y107,"1"
x180y108,x180y108,"1"
x180y109,x180y109,"1"
x180y110,x180y110,"1"
x180y111,x180y111,"1"
x180y112,x180y112,"1"
x180y113,x180y113,"1"
x180y114,x180y114,"1"
x180y115,x180y115,"1"
x180y116,x180y116,"1"
x180y117,x180y117,"1"
x180y118,x180y118,"1"
x180y119,x180y119,"1"
x180y120,x180y120,"1"
x180y121,x180y121,"1"
x181y084,x181y084,"1"
x181y085,x181y085,"1"
x181y086,x181y086,"1"
x181y087,x181y087,"1"
x181y088,x181y088,"1"
x181y089,x181y089,"1"
x181y090,x181y090,"1"
x181y091,x181y091,"1"
x181y092,x181y092,"1"
x181y093,x181y093,"1"
x181y094,x181y094,"1"
x181y095,x181y095,"1"
x181y096,x181y096,"1"
x181y097,x181y097,"1"
x181y098,x181y098,"1"
x181y099,x181y099,"1"
x181y100,x181y100,"1"
x181y101,x181y101,"1"
x181y102,x181y102,"1"
x181y103,x181y103,"1"
x181y104,x181y104,"1"
x181y105,x181y105,"1"
x181y106,x181y106,"1"
x181y107,x181y107,"1"
x181y108,x181y108,"1"
x181y109,x181y109,"1"
x181y110,x181y110,"1"
x181y111,x181y111,"1"
x181y112,x181y112,"1"
x181y113,x181y113,"1"
x181y114,x181y114,"1"
x181y115,x181y115,"1"
x181y116,x181y116,"1"
x181y117,x181y117,"1"
x181y118,x181y118,"1"
x181y119,x181y119,"1"
x181y120,x181y120,"1"
x181y121,x181y121,"1"
x181y122,x181y122,"1"
x182y084,x182y084,"1"
x182y085,x182y085,"1"
x182y086,x182y086,"1"
x182y087,x182y087,"1"
x182y088,x182y088,"1"
x182y089,x182y089,"1"
x182y090,x182y090,"1"
x182y091,x182y091,"1"
x182y092,x182y092,"1"
x182y093,x182y093,"1"
x182y094,x182y094,"1"
x182y095,x182y095,"1"
x182y096,x182y096,"1"
x182y097,x182y097,"1"
x182y098,x182y098,"1"
x182y099,x182y099,"1"
x182y100,x182y100,"1"
x182y101,x182y101,"1"
x182y102,x182y102,"1"
x182y103,x182y103,"1"
x182y104,x182y104,"1"
x182y105,x182y105,"1"
x182y106,x182y106,"1"
x182y107,x182y107,"1"
x182y108,x182y108,"1"
x182y109,x182y109,"1"
x182y110,x182y110,"1"
x182y111,x182y111,"1"
x182y112,x182y112,"1"
x182y113,x182y113,"1"
x182y114,x182y114,"1"
x182y115,x182y115,"1"
x182y116,x182y116,"1"
x182y117,x182y117,"1"
x182y118,x182y118,"1"
x182y119,x182y119,"1"
x182y120,x182y120,"1"
x182y121,x182y121,"1"
x182y122,x182y122,"1"
x183y085,x183y085,"1"
x183y086,x183y086,"1"
x183y087,x183y087,"1"
x183y088,x183y088,"1"
x183y089,x183y089,"1"
x183y090,x183y090,"1"
x183y091,x183y091,"1"
x183y092,x183y092,"1"
x183y093,x183y093,"1"
x183y094,x183y094,"1"
x183y095,x183y095,"1"
x183y096,x183y096,"1"
x183y097,x183y097,"1"
x183y098,x183y098,"1"
x183y099,x183y099,"1"
x183y100,x183y100,"1"
x183y101,x183y101,"1"
x183y102,x183y102,"1"
x183y103,x183y103,"1"
x183y104,x183y104,"1"
x183y105,x183y105,"1"
x183y106,x183y106,"1"
x183y107,x183y107,"1"
x183y108,x183y108,"1"
x183y109,x183y109,"1"
x183y110,x183y110,"1"
x183y111,x183y111,"1"
x183y112,x183y112,"1"
x183y113,x183y113,"1"
x183y114,x183y114,"1"
x183y115,x183y115,"1"
x183y116,x183y116,"1"
x183y117,x183y117,"1"
x183y118,x183y118,"1"
x183y119,x183y119,"1"
x183y120,x183y120,"1"
x183y121,x183y121,"1"
x183y122,x183y122,"1"
x184y085,x184y085,"1"
x184y086,x184y086,"1"
x184y087,x184y087,"1"
x184y088,x184y088,"1"
x184y089,x184y089,"1"
x184y090,x184y090,"1"
x184y091,x184y091,"1"
x184y092,x184y092,"1"
x184y093,x184y093,"1"
x184y094,x184y094,"1"
x184y095,x184y095,"1"
x184y096,x184y096,"1"
x184y097,x184y097,"1"
x184y098,x184y098,"1"
x184y099,x184y099,"1"
x184y100,x184y100,"1"
x184y101,x184y101,"1"
x184y102,x184y102,"1"
x184y103,x184y103,"1"
x184y104,x184y104,"1"
x184y105,x184y105,"1"
x184y106,x184y106,"1"
x184y107,x184y107,"1"
x184y108,x184y108,"1"
x184y109,x184y109,"1"
x184y110,x184y110,"1"
x184y111,x184y111,"1"
x184y112,x184y112,"1"
x184y113,x184y113,"1"
x184y114,x184y114,"1"
x184y115,x184y115,"1"
x184y116,x184y116,"1"
x184y117,x184y117,"1"
x184y118,x184y118,"1"
x184y119,x184y119,"1"
x184y120,x184y120,"1"
x184y121,x184y121,"1"
x184y122,x184y122,"1"
x185y084,x185y084,"1"
x185y085,x185y085,"1"
x185y086,x185y086,"1"
x185y087,x185y087,"1"
x185y088,x185y088,"1"
x185y089,x185y089,"1"
x185y090,x185y090,"1"
x185y091,x185y091,"1"
x185y092,x185y092,"1"
x185y093,x185y093,"1"
x185y094,x185y094,"1"
x185y095,x185y095,"1"
x185y096,x185y096,"1"
x185y097,x185y097,"1"
x185y098,x185y098,"1"
x185y099,x185y099,"1"
x185y100,x185y100,"1"
x185y101,x185y101,"1"
x185y102,x185y102,"1"
x185y103,x185y103,"1"
x185y104,x185y104,"1"
x185y105,x185y105,"1"
x185y106,x185y106,"1"
x185y107,x185y107,"1"
x185y108,x185y108,"1"
x185y109,x185y109,"1"
x185y110,x185y110,"1"
x185y111,x185y111,"1"
x185y112,x185y112,"1"
x185y113,x185y113,"1"
x185y114,x185y114,"1"
x185y115,x185y115,"1"
x185y116,x185y116,"1"
x185y117,x185y117,"1"
x185y118,x185y118,"1"
x185y119,x185y119,"1"
x185y120,x185y120,"1"
x185y121,x185y121,"1"
x185y122,x185y122,"1"
x186y075,x186y075,"1"
x186y082,x186y082,"1"
x186y083,x186y083,"1"
x186y084,x186y084,"1"
x186y085,x186y085,"1"
x186y086,x186y086,"1"
x186y087,x186y087,"1"
x186y088,x186y088,"1"
x186y089,x186y089,"1"
x186y090,x186y090,"1"
x186y091,x186y091,"1"
x186y092,x186y092,"1"
x186y093,x186y093,"1"
x186y094,x186y094,"1"
x186y095,x186y095,"1"
x186y096,x186y096,"1"
x186y097,x186y097,"1"
x186y098,x186y098,"1"
x186y099,x186y099,"1"
x186y100,x186y100,"1"
x186y101,x186y101,"1"
x186y102,x186y102,"1"
x186y103,x186y103,"1"
x186y104,x186y104,"1"
x186y105,x186y105,"1"
x186y106,x186y106,"1"
x186y107,x186y107,"1"
x186y108,x186y108,"1"
x186y109,x186y109,"1"
x186y110,x186y110,"1"
x186y111,x186y111,"1"
x186y112,x186y112,"1"
x186y113,x186y113,"1"
x186y114,x186y114,"1"
x186y115,x186y115,"1"
x186y116,x186y116,"1"
x186y117,x186y117,"1"
x186y118,x186y118,"1"
x186y119,x186y119,"1"
x186y120,x186y120,"1"
x186y121,x186y121,"1"
x186y122,x186y122,"1"
x187y076,x187y076,"1"
x187y077,x187y077,"1"
x187y082,x187y082,"1"
x187y083,x187y083,"1"
x187y084,x187y084,"1"
x187y085,x187y085,"1"
x187y086,x187y086,"1"
x187y087,x187y087,"1"
x187y088,x187y088,"1"
x187y089,x187y089,"1"
x187y090,x187y090,"1"
x187y091,x187y091,"1"
x187y092,x187y092,"1"
x187y093,x187y093,"1"
x187y094,x187y094,"1"
x187y095,x187y095,"1"
x187y096,x187y096,"1"
x187y097,x187y097,"1"
x187y098,x187y098,"1"
x187y099,x187y099,"1"
x187y100,x187y100,"1"
x187y101,x187y101,"1"
x187y102,x187y102,"1"
x187y103,x187y103,"1"
x187y104,x187y104,"1"
x187y105,x187y105,"1"
x187y106,x187y106,"1"
x187y107,x187y107,"1"
x187y108,x187y108,"1"
x187y109,x187y109,"1"
x187y110,x187y110,"1"
x187y111,x187y111,"1"
x187y112,x187y112,"1"
x187y113,x187y113,"1"
x187y114,x187y114,"1"
x187y115,x187y115,"1"
x187y116,x187y116,"1"
x187y117,x187y117,"1"
x187y118,x187y118,"1"
x187y119,x187y119,"1"
x187y120,x187y120,"1"
x187y121,x187y121,"1"
x187y122,x187y122,"1"
x188y078,x188y078,"1"
x188y079,x188y079,"1"
x188y082,x188y082,"1"
x188y083,x188y083,"1"
x188y084,x188y084,"1"
x188y085,x188y085,"1"
x188y086,x188y086,"1"
x188y087,x188y087,"1"
x188y088,x188y088,"1"
x188y089,x188y089,"1"
x188y090,x188y090,"1"
x188y091,x188y091,"1"
x188y092,x188y092,"1"
x188y093,x188y093,"1"
x188y094,x188y094,"1"
x188y095,x188y095,"1"
x188y096,x188y096,"1"
x188y097,x188y097,"1"
x188y098,x188y098,"1"
x188y099,x188y099,"1"
x188y100,x188y100,"1"
x188y101,x188y101,"1"
x188y102,x188y102,"1"
x188y103,x188y103,"1"
x188y104,x188y104,"1"
x188y105,x188y105,"1"
x188y106,x188y106,"1"
x188y107,x188y107,"1"
x188y108,x188y108,"1"
x188y109,x188y109,"1"
x188y110,x188y110,"1"
x188y111,x188y111,"1"
x188y112,x188y112,"1"
x188y113,x188y113,"1"
x188y114,x188y114,"1"
x188y115,x188y115,"1"
x188y116,x188y116,"1"
x188y117,x188y117,"1"
x188y118,x188y118,"1"
x188y119,x188y119,"1"
x188y120,x188y120,"1"
x188y121,x188y121,"1"
x188y122,x188y122,"1"
x189y075,x189y075,"1"
x189y076,x189y076,"1"
x189y081,x189y081,"1"
x189y082,x189y082,"1"
x189y083,x189y083,"1"
x189y084,x189y084,"1"
x189y085,x189y085,"1"
x189y086,x189y086,"1"
x189y087,x189y087,"1"
x189y088,x189y088,"1"
x189y089,x189y089,"1"
x189y090,x189y090,"1"
x189y091,x189y091,"1"
x189y092,x189y092,"1"
x189y093,x189y093,"1"
x189y094,x189y094,"1"
x189y095,x189y095,"1"
x189y096,x189y096,"1"
x189y097,x189y097,"1"
x189y098,x189y098,"1"
x189y099,x189y099,"1"
x189y100,x189y100,"1"
x189y101,x189y101,"1"
x189y102,x189y102,"1"
x189y103,x189y103,"1"
x189y104,x189y104,"1"
x189y105,x189y105,"1"
x189y106,x189y106,"1"
x189y107,x189y107,"1"
x189y108,x189y108,"1"
x189y109,x189y109,"1"
x189y110,x189y110,"1"
x189y111,x189y111,"1"
x189y112,x189y112,"1"
x189y113,x189y113,"1"
x189y114,x189y114,"1"
x189y115,x189y115,"1"
x189y116,x189y116,"1"
x189y117,x189y117,"1"
x189y118,x189y118,"1"
x189y119,x189y119,"1"
x189y120,x189y120,"1"
x189y121,x189y121,"1"
x189y122,x189y122,"1"
x190y073,x190y073,"1"
x190y074,x190y074,"1"
x190y075,x190y075,"1"
x190y076,x190y076,"1"
x190y077,x190y077,"1"
x190y078,x190y078,"1"
x190y079,x190y079,"1"
x190y080,x190y080,"1"
x190y081,x190y081,"1"
x190y082,x190y082,"1"
x190y083,x190y083,"1"
x190y084,x190y084,"1"
x190y085,x190y085,"1"
x190y086,x190y086,"1"
x190y087,x190y087,"1"
x190y088,x190y088,"1"
x190y089,x190y089,"1"
x190y090,x190y090,"1"
x190y091,x190y091,"1"
x190y092,x190y092,"1"
x190y093,x190y093,"1"
x190y094,x190y094,"1"
x190y095,x190y095,"1"
x190y096,x190y096,"1"
x190y097,x190y097,"1"
x190y098,x190y098,"1"
x190y099,x190y099,"1"
x190y100,x190y100,"1"
x190y101,x190y101,"1"
x190y102,x190y102,"1"
x190y103,x190y103,"1"
x190y104,x190y104,"1"
x190y105,x190y105,"1"
x190y106,x190y106,"1"
x190y107,x190y107,"1"
x190y108,x190y108,"1"
x190y109,x190y109,"1"
x190y110,x190y110,"1"
x190y111,x190y111,"1"
x190y112,x190y112,"1"
x190y113,x190y113,"1"
x190y114,x190y114,"1"
x190y115,x190y115,"1"
x190y116,x190y116,"1"
x190y117,x190y117,"1"
x190y118,x190y118,"1"
x190y119,x190y119,"1"
x190y120,x190y120,"1"
x190y121,x190y121,"1"
x190y122,x190y122,"1"
x190y123,x190y123,"1"
x191y072,x191y072,"1"
x191y073,x191y073,"1"
x191y074,x191y074,"1"
x191y075,x191y075,"1"
x191y076,x191y076,"1"
x191y077,x191y077,"1"
x191y078,x191y078,"1"
x191y079,x191y079,"1"
x191y080,x191y080,"1"
x191y081,x191y081,"1"
x191y082,x191y082,"1"
x191y083,x191y083,"1"
x191y084,x191y084,"1"
x191y085,x191y085,"1"
x191y086,x191y086,"1"
x191y087,x191y087,"1"
x191y088,x191y088,"1"
x191y089,x191y089,"1"
x191y090,x191y090,"1"
x191y091,x191y091,"1"
x191y092,x191y092,"1"
x191y093,x191y093,"1"
x191y094,x191y094,"1"
x191y095,x191y095,"1"
x191y096,x191y096,"1"
x191y097,x191y097,"1"
x191y098,x191y098,"1"
x191y099,x191y099,"1"
x191y100,x191y100,"1"
x191y101,x191y101,"1"
x191y102,x191y102,"1"
x191y103,x191y103,"1"
x191y104,x191y104,"1"
x191y105,x191y105,"1"
x191y106,x191y106,"1"
x191y107,x191y107,"1"
x191y108,x191y108,"1"
x191y109,x191y109,"1"
x191y110,x191y110,"1"
x191y111,x191y111,"1"
x191y112,x191y112,"1"
x191y113,x191y113,"1"
x191y114,x191y114,"1"
x191y115,x191y115,"1"
x191y116,x191y116,"1"
x191y117,x191y117,"1"
x191y118,x191y118,"1"
x191y119,x191y119,"1"
x191y120,x191y120,"1"
x191y121,x191y121,"1"
x191y122,x191y122,"1"
x191y123,x191y123,"1"
x192y053,x192y053,"1"
x192y054,x192y054,"1"
x192y055,x192y055,"1"
x192y056,x192y056,"1"
x192y070,x192y070,"1"
x192y071,x192y071,"1"
x192y072,x192y072,"1"
x192y073,x192y073,"1"
x192y074,x192y074,"1"
x192y075,x192y075,"1"
x192y076,x192y076,"1"
x192y077,x192y077,"1"
x192y078,x192y078,"1"
x192y079,x192y079,"1"
x192y080,x192y080,"1"
x192y081,x192y081,"1"
x192y082,x192y082,"1"
x192y083,x192y083,"1"
x192y084,x192y084,"1"
x192y085,x192y085,"1"
x192y086,x192y086,"1"
x192y087,x192y087,"1"
x192y088,x192y088,"1"
x192y089,x192y089,"1"
x192y090,x192y090,"1"
x192y091,x192y091,"1"
x192y092,x192y092,"1"
x192y093,x192y093,"1"
x192y094,x192y094,"1"
x192y095,x192y095,"1"
x192y096,x192y096,"1"
x192y097,x192y097,"1"
x192y098,x192y098,"1"
x192y099,x192y099,"1"
x192y100,x192y100,"1"
x192y101,x192y101,"1"
x192y102,x192y102,"1"
x192y103,x192y103,"1"
x192y104,x192y104,"1"
x192y105,x192y105,"1"
x192y106,x192y106,"1"
x192y107,x192y107,"1"
x192y108,x192y108,"1"
x192y109,x192y109,"1"
x192y110,x192y110,"1"
x192y111,x192y111,"1"
x192y112,x192y112,"1"
x192y113,x192y113,"1"
x192y114,x192y114,"1"
x192y115,x192y115,"1"
x192y116,x192y116,"1"
x192y117,x192y117,"1"
x192y118,x192y118,"1"
x192y119,x192y119,"1"
x192y120,x192y120,"1"
x192y121,x192y121,"1"
x192y122,x192y122,"1"
x193y051,x193y051,"1"
x193y052,x193y052,"1"
x193y053,x193y053,"1"
x193y054,x193y054,"1"
x193y055,x193y055,"1"
x193y056,x193y056,"1"
x193y057,x193y057,"1"
x193y058,x193y058,"1"
x193y059,x193y059,"1"
x193y067,x193y067,"1"
x193y068,x193y068,"1"
x193y069,x193y069,"1"
x193y070,x193y070,"1"
x193y071,x193y071,"1"
x193y072,x193y072,"1"
x193y073,x193y073,"1"
x193y074,x193y074,"1"
x193y075,x193y075,"1"
x193y076,x193y076,"1"
x193y077,x193y077,"1"
x193y078,x193y078,"1"
x193y079,x193y079,"1"
x193y080,x193y080,"1"
x193y081,x193y081,"1"
x193y082,x193y082,"1"
x193y083,x193y083,"1"
x193y084,x193y084,"1"
x193y085,x193y085,"1"
x193y086,x193y086,"1"
x193y087,x193y087,"1"
x193y088,x193y088,"1"
x193y089,x193y089,"1"
x193y090,x193y090,"1"
x193y091,x193y091,"1"
x193y092,x193y092,"1"
x193y093,x193y093,"1"
x193y094,x193y094,"1"
x193y095,x193y095,"1"
x193y096,x193y096,"1"
x193y097,x193y097,"1"
x193y098,x193y098,"1"
x193y099,x193y099,"1"
x193y100,x193y100,"1"
x193y101,x193y101,"1"
x193y102,x193y102,"1"
x193y103,x193y103,"1"
x193y104,x193y104,"1"
x193y105,x193y105,"1"
x193y106,x193y106,"1"
x193y107,x193y107,"1"
x193y108,x193y108,"1"
x193y109,x193y109,"1"
x193y110,x193y110,"1"
x193y111,x193y111,"1"
x193y112,x193y112,"1"
x193y113,x193y113,"1"
x193y114,x193y114,"1"
x193y115,x193y115,"1"
x193y116,x193y116,"1"
x193y117,x193y117,"1"
x193y118,x193y118,"1"
x194y048,x194y048,"1"
x194y049,x194y049,"1"
x194y050,x194y050,"1"
x194y051,x194y051,"1"
x194y052,x194y052,"1"
x194y053,x194y053,"1"
x194y054,x194y054,"1"
x194y055,x194y055,"1"
x194y056,x194y056,"1"
x194y057,x194y057,"1"
x194y058,x194y058,"1"
x194y059,x194y059,"1"
x194y060,x194y060,"1"
x194y061,x194y061,"1"
x194y062,x194y062,"1"
x194y063,x194y063,"1"
x194y064,x194y064,"1"
x194y065,x194y065,"1"
x194y066,x194y066,"1"
x194y067,x194y067,"1"
x194y068,x194y068,"1"
x194y069,x194y069,"1"
x194y070,x194y070,"1"
x194y071,x194y071,"1"
x194y072,x194y072,"1"
x194y073,x194y073,"1"
x194y074,x194y074,"1"
x194y075,x194y075,"1"
x194y076,x194y076,"1"
x194y077,x194y077,"1"
x194y078,x194y078,"1"
x194y079,x194y079,"1"
x194y080,x194y080,"1"
x194y081,x194y081,"1"
x194y082,x194y082,"1"
x194y083,x194y083,"1"
x194y084,x194y084,"1"
x194y085,x194y085,"1"
x194y086,x194y086,"1"
x194y087,x194y087,"1"
x194y088,x194y088,"1"
x194y089,x194y089,"1"
x194y090,x194y090,"1"
x194y091,x194y091,"1"
x194y092,x194y092,"1"
x194y093,x194y093,"1"
x194y094,x194y094,"1"
x194y095,x194y095,"1"
x194y096,x194y096,"1"
x194y097,x194y097,"1"
x194y098,x194y098,"1"
x194y099,x194y099,"1"
x194y100,x194y100,"1"
x194y101,x194y101,"1"
x194y102,x194y102,"1"
x194y103,x194y103,"1"
x194y104,x194y104,"1"
x194y105,x194y105,"1"
x194y106,x194y106,"1"
x194y107,x194y107,"1"
x194y108,x194y108,"1"
x194y109,x194y109,"1"
x194y110,x194y110,"1"
x194y111,x194y111,"1"
x194y112,x194y112,"1"
x194y113,x194y113,"1"
x194y114,x194y114,"1"
x194y115,x194y115,"1"
x194y116,x194y116,"1"
x194y117,x194y117,"1"
x194y118,x194y118,"1"
x195y043,x195y043,"1"
x195y044,x195y044,"1"
x195y045,x195y045,"1"
x195y046,x195y046,"1"
x195y047,x195y047,"1"
x195y048,x195y048,"1"
x195y049,x195y049,"1"
x195y050,x195y050,"1"
x195y051,x195y051,"1"
x195y052,x195y052,"1"
x195y053,x195y053,"1"
x195y054,x195y054,"1"
x195y055,x195y055,"1"
x195y056,x195y056,"1"
x195y057,x195y057,"1"
x195y058,x195y058,"1"
x195y059,x195y059,"1"
x195y060,x195y060,"1"
x195y061,x195y061,"1"
x195y062,x195y062,"1"
x195y063,x195y063,"1"
x195y064,x195y064,"1"
x195y065,x195y065,"1"
x195y066,x195y066,"1"
x195y067,x195y067,"1"
x195y068,x195y068,"1"
x195y069,x195y069,"1"
x195y070,x195y070,"1"
x195y071,x195y071,"1"
x195y072,x195y072,"1"
x195y073,x195y073,"1"
x195y074,x195y074,"1"
x195y075,x195y075,"1"
x195y076,x195y076,"1"
x195y077,x195y077,"1"
x195y078,x195y078,"1"
x195y079,x195y079,"1"
x195y080,x195y080,"1"
x195y081,x195y081,"1"
x195y082,x195y082,"1"
x195y083,x195y083,"1"
x195y084,x195y084,"1"
x195y085,x195y085,"1"
x195y086,x195y086,"1"
x195y087,x195y087,"1"
x195y088,x195y088,"1"
x195y089,x195y089,"1"
x195y090,x195y090,"1"
x195y091,x195y091,"1"
x195y092,x195y092,"1"
x195y093,x195y093,"1"
x195y094,x195y094,"1"
x195y095,x195y095,"1"
x195y096,x195y096,"1"
x195y097,x195y097,"1"
x195y098,x195y098,"1"
x195y099,x195y099,"1"
x195y100,x195y100,"1"
x195y101,x195y101,"1"
x195y102,x195y102,"1"
x195y103,x195y103,"1"
x195y104,x195y104,"1"
x195y105,x195y105,"1"
x195y106,x195y106,"1"
x195y107,x195y107,"1"
x195y108,x195y108,"1"
x195y109,x195y109,"1"
x195y110,x195y110,"1"
x195y111,x195y111,"1"
x195y112,x195y112,"1"
x195y113,x195y113,"1"
x195y114,x195y114,"1"
x195y115,x195y115,"1"
x195y116,x195y116,"1"
x195y117,x195y117,"1"
x195y118,x195y118,"1"
x196y041,x196y041,"1"
x196y042,x196y042,"1"
x196y043,x196y043,"1"
x196y044,x196y044,"1"
x196y045,x196y045,"1"
x196y046,x196y046,"1"
x196y047,x196y047,"1"
x196y048,x196y048,"1"
x196y049,x196y049,"1"
x196y050,x196y050,"1"
x196y051,x196y051,"1"
x196y052,x196y052,"1"
x196y053,x196y053,"1"
x196y054,x196y054,"1"
x196y055,x196y055,"1"
x196y056,x196y056,"1"
x196y057,x196y057,"1"
x196y058,x196y058,"1"
x196y059,x196y059,"1"
x196y060,x196y060,"1"
x196y061,x196y061,"1"
x196y062,x196y062,"1"
x196y063,x196y063,"1"
x196y064,x196y064,"1"
x196y065,x196y065,"1"
x196y066,x196y066,"1"
x196y067,x196y067,"1"
x196y068,x196y068,"1"
x196y069,x196y069,"1"
x196y070,x196y070,"1"
x196y071,x196y071,"1"
x196y072,x196y072,"1"
x196y073,x196y073,"1"
x196y074,x196y074,"1"
x196y075,x196y075,"1"
x196y076,x196y076,"1"
x196y077,x196y077,"1"
x196y078,x196y078,"1"
x196y079,x196y079,"1"
x196y080,x196y080,"1"
x196y081,x196y081,"1"
x196y082,x196y082,"1"
x196y083,x196y083,"1"
x196y084,x196y084,"1"
x196y085,x196y085,"1"
x196y086,x196y086,"1"
x196y087,x196y087,"1"
x196y088,x196y088,"1"
x196y089,x196y089,"1"
x196y090,x196y090,"1"
x196y091,x196y091,"1"
x196y092,x196y092,"1"
x196y093,x196y093,"1"
x196y094,x196y094,"1"
x196y095,x196y095,"1"
x196y096,x196y096,"1"
x196y097,x196y097,"1"
x196y098,x196y098,"1"
x196y099,x196y099,"1"
x196y100,x196y100,"1"
x196y101,x196y101,"1"
x196y102,x196y102,"1"
x196y103,x196y103,"1"
x196y104,x196y104,"1"
x196y105,x196y105,"1"
x196y106,x196y106,"1"
x196y107,x196y107,"1"
x196y108,x196y108,"1"
x196y109,x196y109,"1"
x196y110,x196y110,"1"
x196y111,x196y111,"1"
x196y112,x196y112,"1"
x196y113,x196y113,"1"
x196y114,x196y114,"1"
x196y115,x196y115,"1"
x196y116,x196y116,"1"
x196y117,x196y117,"1"
x197y039,x197y039,"1"
x197y040,x197y040,"1"
x197y041,x197y041,"1"
x197y042,x197y042,"1"
x197y043,x197y043,"1"
x197y044,x197y044,"1"
x197y045,x197y045,"1"
x197y046,x197y046,"1"
x197y047,x197y047,"1"
x197y048,x197y048,"1"
x197y049,x197y049,"1"
x197y050,x197y050,"1"
x197y051,x197y051,"1"
x197y052,x197y052,"1"
x197y053,x197y053,"1"
x197y054,x197y054,"1"
x197y055,x197y055,"1"
x197y056,x197y056,"1"
x197y057,x197y057,"1"
x197y058,x197y058,"1"
x197y059,x197y059,"1"
x197y060,x197y060,"1"
x197y061,x197y061,"1"
x197y062,x197y062,"1"
x197y063,x197y063,"1"
x197y064,x197y064,"1"
x197y065,x197y065,"1"
x197y066,x197y066,"1"
x197y067,x197y067,"1"
x197y068,x197y068,"1"
x197y069,x197y069,"1"
x197y070,x197y070,"1"
x197y071,x197y071,"1"
x197y072,x197y072,"1"
x197y073,x197y073,"1"
x197y074,x197y074,"1"
x197y075,x197y075,"1"
x197y076,x197y076,"1"
x197y077,x197y077,"1"
x197y078,x197y078,"1"
x197y079,x197y079,"1"
x197y080,x197y080,"1"
x197y081,x197y081,"1"
x197y082,x197y082,"1"
x197y083,x197y083,"1"
x197y084,x197y084,"1"
x197y085,x197y085,"1"
x197y086,x197y086,"1"
x197y087,x197y087,"1"
x197y088,x197y088,"1"
x197y089,x197y089,"1"
x197y090,x197y090,"1"
x197y091,x197y091,"1"
x197y092,x197y092,"1"
x197y093,x197y093,"1"
x197y094,x197y094,"1"
x197y095,x197y095,"1"
x197y096,x197y096,"1"
x197y097,x197y097,"1"
x197y098,x197y098,"1"
x197y099,x197y099,"1"
x197y100,x197y100,"1"
x197y101,x197y101,"1"
x197y102,x197y102,"1"
x197y103,x197y103,"1"
x197y104,x197y104,"1"
x197y105,x197y105,"1"
x197y106,x197y106,"1"
x197y107,x197y107,"1"
x197y108,x197y108,"1"
x197y109,x197y109,"1"
x197y110,x197y110,"1"
x197y111,x197y111,"1"
x197y112,x197y112,"1"
x197y113,x197y113,"1"
x197y114,x197y114,"1"
x197y115,x197y115,"1"
x197y116,x197y116,"1"
x198y035,x198y035,"1"
x198y037,x198y037,"1"
x198y038,x198y038,"1"
x198y039,x198y039,"1"
x198y040,x198y040,"1"
x198y041,x198y041,"1"
x198y042,x198y042,"1"
x198y043,x198y043,"1"
x198y044,x198y044,"1"
x198y045,x198y045,"1"
x198y046,x198y046,"1"
x198y047,x198y047,"1"
x198y048,x198y048,"1"
x198y049,x198y049,"1"
x198y050,x198y050,"1"
x198y051,x198y051,"1"
x198y052,x198y052,"1"
x198y053,x198y053,"1"
x198y054,x198y054,"1"
x198y055,x198y055,"1"
x198y056,x198y056,"1"
x198y057,x198y057,"1"
x198y058,x198y058,"1"
x198y059,x198y059,"1"
x198y060,x198y060,"1"
x198y061,x198y061,"1"
x198y062,x198y062,"1"
x198y063,x198y063,"1"
x198y064,x198y064,"1"
x198y065,x198y065,"1"
x198y066,x198y066,"1"
x198y067,x198y067,"1"
x198y068,x198y068,"1"
x198y069,x198y069,"1"
x198y070,x198y070,"1"
x198y071,x198y071,"1"
x198y072,x198y072,"1"
x198y073,x198y073,"1"
x198y074,x198y074,"1"
x198y075,x198y075,"1"
x198y076,x198y076,"1"
x198y077,x198y077,"1"
x198y078,x198y078,"1"
x198y079,x198y079,"1"
x198y080,x198y080,"1"
x198y081,x198y081,"1"
x198y082,x198y082,"1"
x198y083,x198y083,"1"
x198y084,x198y084,"1"
x198y085,x198y085,"1"
x198y086,x198y086,"1"
x198y087,x198y087,"1"
x198y088,x198y088,"1"
x198y089,x198y089,"1"
x198y090,x198y090,"1"
x198y091,x198y091,"1"
x198y092,x198y092,"1"
x198y093,x198y093,"1"
x198y094,x198y094,"1"
x198y095,x198y095,"1"
x198y096,x198y096,"1"
x198y097,x198y097,"1"
x198y098,x198y098,"1"
x198y099,x198y099,"1"
x198y100,x198y100,"1"
x198y101,x198y101,"1"
x198y102,x198y102,"1"
x198y103,x198y103,"1"
x198y104,x198y104,"1"
x198y105,x198y105,"1"
x198y106,x198y106,"1"
x198y107,x198y107,"1"
x198y108,x198y108,"1"
x198y109,x198y109,"1"
x198y110,x198y110,"1"
x198y111,x198y111,"1"
x198y112,x198y112,"1"
x198y113,x198y113,"1"
x198y114,x198y114,"1"
x198y115,x198y115,"1"
x198y116,x198y116,"1"
x199y033,x199y033,"1"
x199y034,x199y034,"1"
x199y035,x199y035,"1"
x199y036,x199y036,"1"
x199y037,x199y037,"1"
x199y038,x199y038,"1"
x199y039,x199y039,"1"
x199y040,x199y040,"1"
x199y041,x199y041,"1"
x199y042,x199y042,"1"
x199y043,x199y043,"1"
x199y044,x199y044,"1"
x199y045,x199y045,"1"
x199y046,x199y046,"1"
x199y047,x199y047,"1"
x199y048,x199y048,"1"
x199y049,x199y049,"1"
x199y050,x199y050,"1"
x199y051,x199y051,"1"
x199y052,x199y052,"1"
x199y053,x199y053,"1"
x199y054,x199y054,"1"
x199y055,x199y055,"1"
x199y056,x199y056,"1"
x199y057,x199y057,"1"
x199y058,x199y058,"1"
x199y059,x199y059,"1"
x199y060,x199y060,"1"
x199y061,x199y061,"1"
x199y062,x199y062,"1"
x199y063,x199y063,"1"
x199y064,x199y064,"1"
x199y065,x199y065,"1"
x199y066,x199y066,"1"
x199y067,x199y067,"1"
x199y068,x199y068,"1"
x199y069,x199y069,"1"
x199y070,x199y070,"1"
x199y071,x199y071,"1"
x199y072,x199y072,"1"
x199y073,x199y073,"1"
x199y074,x199y074,"1"
x199y075,x199y075,"1"
x199y076,x199y076,"1"
x199y077,x199y077,"1"
x199y078,x199y078,"1"
x199y079,x199y079,"1"
x199y080,x199y080,"1"
x199y081,x199y081,"1"
x199y082,x199y082,"1"
x199y083,x199y083,"1"
x199y084,x199y084,"1"
x199y085,x199y085,"1"
x199y086,x199y086,"1"
x199y087,x199y087,"1"
x199y088,x199y088,"1"
x199y089,x199y089,"1"
x199y090,x199y090,"1"
x199y091,x199y091,"1"
x199y092,x199y092,"1"
x199y093,x199y093,"1"
x199y094,x199y094,"1"
x199y095,x199y095,"1"
x199y096,x199y096,"1"
x199y097,x199y097,"1"
x199y098,x199y098,"1"
x199y099,x199y099,"1"
x199y100,x199y100,"1"
x199y101,x199y101,"1"
x199y102,x199y102,"1"
x199y103,x199y103,"1"
x199y104,x199y104,"1"
x199y105,x199y105,"1"
x199y106,x199y106,"1"
x199y107,x199y107,"1"
x199y108,x199y108,"1"
x199y109,x199y109,"1"
x199y110,x199y110,"1"
x199y111,x199y111,"1"
x199y112,x199y112,"1"
x199y113,x199y113,"1"
x199y114,x199y114,"1"
x199y115,x199y115,"1"
x199y116,x199y116,"1"
x200y033,x200y033,"1"
x200y034,x200y034,"1"
x200y035,x200y035,"1"
x200y036,x200y036,"1"
x200y037,x200y037,"1"
x200y038,x200y038,"1"
x200y039,x200y039,"1"
x200y040,x200y040,"1"
x200y041,x200y041,"1"
x200y042,x200y042,"1"
x200y043,x200y043,"1"
x200y044,x200y044,"1"
x200y045,x200y045,"1"
x200y046,x200y046,"1"
x200y047,x200y047,"1"
x200y048,x200y048,"1"
x200y049,x200y049,"1"
x200y050,x200y050,"1"
x200y051,x200y051,"1"
x200y052,x200y052,"1"
x200y053,x200y053,"1"
x200y054,x200y054,"1"
x200y055,x200y055,"1"
x200y056,x200y056,"1"
x200y057,x200y057,"1"
x200y058,x200y058,"1"
x200y059,x200y059,"1"
x200y060,x200y060,"1"
x200y061,x200y061,"1"
x200y062,x200y062,"1"
x200y063,x200y063,"1"
x200y064,x200y064,"1"
x200y065,x200y065,"1"
x200y066,x200y066,"1"
x200y067,x200y067,"1"
x200y068,x200y068,"1"
x200y069,x200y069,"1"
x200y070,x200y070,"1"
x200y071,x200y071,"1"
x200y072,x200y072,"1"
x200y073,x200y073,"1"
x200y074,x200y074,"1"
x200y075,x200y075,"1"
x200y076,x200y076,"1"
x200y077,x200y077,"1"
x200y078,x200y078,"1"
x200y079,x200y079,"1"
x200y080,x200y080,"1"
x200y081,x200y081,"1"
x200y082,x200y082,"1"
x200y083,x200y083,"1"
x200y084,x200y084,"1"
x200y085,x200y085,"1"
x200y086,x200y086,"1"
x200y087,x200y087,"1"
x200y088,x200y088,"1"
x200y089,x200y089,"1"
x200y090,x200y090,"1"
x200y091,x200y091,"1"
x200y092,x200y092,"1"
x200y093,x200y093,"1"
x200y094,x200y094,"1"
x200y095,x200y095,"1"
x200y096,x200y096,"1"
x200y097,x200y097,"1"
x200y098,x200y098,"1"
x200y099,x200y099,"1"
x200y100,x200y100,"1"
x200y101,x200y101,"1"
x200y102,x200y102,"1"
x200y103,x200y103,"1"
x200y104,x200y104,"1"
x200y105,x200y105,"1"
x200y106,x200y106,"1"
x200y107,x200y107,"1"
x200y108,x200y108,"1"
x200y109,x200y109,"1"
x200y110,x200y110,"1"
x200y111,x200y111,"1"
x200y112,x200y112,"1"
x200y113,x200y113,"1"
x200y114,x200y114,"1"
x200y115,x200y115,"1"
x201y033,x201y033,"1"
x201y034,x201y034,"1"
x201y035,x201y035,"1"
x201y036,x201y036,"1"
x201y037,x201y037,"1"
x201y038,x201y038,"1"
x201y039,x201y039,"1"
x201y040,x201y040,"1"
x201y041,x201y041,"1"
x201y042,x201y042,"1"
x201y043,x201y043,"1"
x201y044,x201y044,"1"
x201y045,x201y045,"1"
x201y046,x201y046,"1"
x201y047,x201y047,"1"
x201y048,x201y048,"1"
x201y049,x201y049,"1"
x201y050,x201y050,"1"
x201y051,x201y051,"1"
x201y052,x201y052,"1"
x201y053,x201y053,"1"
x201y054,x201y054,"1"
x201y055,x201y055,"1"
x201y056,x201y056,"1"
x201y057,x201y057,"1"
x201y058,x201y058,"1"
x201y059,x201y059,"1"
x201y060,x201y060,"1"
x201y061,x201y061,"1"
x201y062,x201y062,"1"
x201y063,x201y063,"1"
x201y064,x201y064,"1"
x201y065,x201y065,"1"
x201y066,x201y066,"1"
x201y067,x201y067,"1"
x201y068,x201y068,"1"
x201y069,x201y069,"1"
x201y070,x201y070,"1"
x201y071,x201y071,"1"
x201y072,x201y072,"1"
x201y073,x201y073,"1"
x201y074,x201y074,"1"
x201y075,x201y075,"1"
x201y076,x201y076,"1"
x201y077,x201y077,"1"
x201y078,x201y078,"1"
x201y079,x201y079,"1"
x201y080,x201y080,"1"
x201y081,x201y081,"1"
x201y082,x201y082,"1"
x201y083,x201y083,"1"
x201y084,x201y084,"1"
x201y085,x201y085,"1"
x201y086,x201y086,"1"
x201y087,x201y087,"1"
x201y088,x201y088,"1"
x201y089,x201y089,"1"
x201y090,x201y090,"1"
x201y091,x201y091,"1"
x201y092,x201y092,"1"
x201y093,x201y093,"1"
x201y094,x201y094,"1"
x201y095,x201y095,"1"
x201y096,x201y096,"1"
x201y097,x201y097,"1"
x201y098,x201y098,"1"
x201y099,x201y099,"1"
x201y100,x201y100,"1"
x201y101,x201y101,"1"
x201y102,x201y102,"1"
x201y103,x201y103,"1"
x201y104,x201y104,"1"
x201y105,x201y105,"1"
x201y106,x201y106,"1"
x201y107,x201y107,"1"
x201y108,x201y108,"1"
x201y109,x201y109,"1"
x201y110,x201y110,"1"
x201y111,x201y111,"1"
x201y112,x201y112,"1"
x201y113,x201y113,"1"
x201y114,x201y114,"1"
x201y115,x201y115,"1"
x201y116,x201y116,"1"
x201y117,x201y117,"1"
x201y118,x201y118,"1"
x202y033,x202y033,"1"
x202y034,x202y034,"1"
x202y035,x202y035,"1"
x202y036,x202y036,"1"
x202y037,x202y037,"1"
x202y038,x202y038,"1"
x202y039,x202y039,"1"
x202y040,x202y040,"1"
x202y041,x202y041,"1"
x202y042,x202y042,"1"
x202y043,x202y043,"1"
x202y044,x202y044,"1"
x202y045,x202y045,"1"
x202y046,x202y046,"1"
x202y047,x202y047,"1"
x202y048,x202y048,"1"
x202y049,x202y049,"1"
x202y050,x202y050,"1"
x202y051,x202y051,"1"
x202y052,x202y052,"1"
x202y053,x202y053,"1"
x202y054,x202y054,"1"
x202y055,x202y055,"1"
x202y056,x202y056,"1"
x202y057,x202y057,"1"
x202y058,x202y058,"1"
x202y059,x202y059,"1"
x202y060,x202y060,"1"
x202y061,x202y061,"1"
x202y062,x202y062,"1"
x202y063,x202y063,"1"
x202y064,x202y064,"1"
x202y065,x202y065,"1"
x202y066,x202y066,"1"
x202y067,x202y067,"1"
x202y068,x202y068,"1"
x202y069,x202y069,"1"
x202y070,x202y070,"1"
x202y071,x202y071,"1"
x202y072,x202y072,"1"
x202y073,x202y073,"1"
x202y074,x202y074,"1"
x202y075,x202y075,"1"
x202y076,x202y076,"1"
x202y077,x202y077,"1"
x202y078,x202y078,"1"
x202y079,x202y079,"1"
x202y080,x202y080,"1"
x202y081,x202y081,"1"
x202y082,x202y082,"1"
x202y083,x202y083,"1"
x202y084,x202y084,"1"
x202y085,x202y085,"1"
x202y086,x202y086,"1"
x202y087,x202y087,"1"
x202y088,x202y088,"1"
x202y089,x202y089,"1"
x202y090,x202y090,"1"
x202y091,x202y091,"1"
x202y092,x202y092,"1"
x202y093,x202y093,"1"
x202y094,x202y094,"1"
x202y095,x202y095,"1"
x202y096,x202y096,"1"
x202y097,x202y097,"1"
x202y098,x202y098,"1"
x202y099,x202y099,"1"
x202y100,x202y100,"1"
x202y101,x202y101,"1"
x202y102,x202y102,"1"
x202y103,x202y103,"1"
x202y104,x202y104,"1"
x202y105,x202y105,"1"
x202y106,x202y106,"1"
x202y107,x202y107,"1"
x202y108,x202y108,"1"
x202y109,x202y109,"1"
x202y110,x202y110,"1"
x202y111,x202y111,"1"
x202y112,x202y112,"1"
x202y113,x202y113,"1"
x202y114,x202y114,"1"
x202y115,x202y115,"1"
x202y116,x202y116,"1"
x202y117,x202y117,"1"
x202y118,x202y118,"1"
x203y033,x203y033,"1"
x203y034,x203y034,"1"
x203y035,x203y035,"1"
x203y036,x203y036,"1"
x203y037,x203y037,"1"
x203y038,x203y038,"1"
x203y039,x203y039,"1"
x203y040,x203y040,"1"
x203y041,x203y041,"1"
x203y042,x203y042,"1"
x203y043,x203y043,"1"
x203y044,x203y044,"1"
x203y045,x203y045,"1"
x203y046,x203y046,"1"
x203y047,x203y047,"1"
x203y048,x203y048,"1"
x203y049,x203y049,"1"
x203y050,x203y050,"1"
x203y051,x203y051,"1"
x203y052,x203y052,"1"
x203y053,x203y053,"1"
x203y054,x203y054,"1"
x203y055,x203y055,"1"
x203y056,x203y056,"1"
x203y057,x203y057,"1"
x203y058,x203y058,"1"
x203y059,x203y059,"1"
x203y060,x203y060,"1"
x203y061,x203y061,"1"
x203y062,x203y062,"1"
x203y063,x203y063,"1"
x203y064,x203y064,"1"
x203y065,x203y065,"1"
x203y066,x203y066,"1"
x203y067,x203y067,"1"
x203y068,x203y068,"1"
x203y069,x203y069,"1"
x203y070,x203y070,"1"
x203y071,x203y071,"1"
x203y072,x203y072,"1"
x203y073,x203y073,"1"
x203y074,x203y074,"1"
x203y075,x203y075,"1"
x203y076,x203y076,"1"
x203y077,x203y077,"1"
x203y078,x203y078,"1"
x203y079,x203y079,"1"
x203y080,x203y080,"1"
x203y081,x203y081,"1"
x203y082,x203y082,"1"
x203y083,x203y083,"1"
x203y084,x203y084,"1"
x203y085,x203y085,"1"
x203y086,x203y086,"1"
x203y087,x203y087,"1"
x203y088,x203y088,"1"
x203y089,x203y089,"1"
x203y090,x203y090,"1"
x203y091,x203y091,"1"
x203y092,x203y092,"1"
x203y093,x203y093,"1"
x203y094,x203y094,"1"
x203y095,x203y095,"1"
x203y096,x203y096,"1"
x203y097,x203y097,"1"
x203y098,x203y098,"1"
x203y099,x203y099,"1"
x203y100,x203y100,"1"
x203y101,x203y101,"1"
x203y102,x203y102,"1"
x203y103,x203y103,"1"
x203y104,x203y104,"1"
x203y105,x203y105,"1"
x203y106,x203y106,"1"
x203y107,x203y107,"1"
x203y108,x203y108,"1"
x203y109,x203y109,"1"
x203y110,x203y110,"1"
x203y111,x203y111,"1"
x203y112,x203y112,"1"
x203y113,x203y113,"1"
x203y114,x203y114,"1"
x203y115,x203y115,"1"
x203y116,x203y116,"1"
x203y117,x203y117,"1"
x203y118,x203y118,"1"
x204y034,x204y034,"1"
x204y035,x204y035,"1"
x204y036,x204y036,"1"
x204y037,x204y037,"1"
x204y038,x204y038,"1"
x204y039,x204y039,"1"
x204y040,x204y040,"1"
x204y041,x204y041,"1"
x204y042,x204y042,"1"
x204y043,x204y043,"1"
x204y044,x204y044,"1"
x204y045,x204y045,"1"
x204y046,x204y046,"1"
x204y047,x204y047,"1"
x204y048,x204y048,"1"
x204y049,x204y049,"1"
x204y050,x204y050,"1"
x204y051,x204y051,"1"
x204y052,x204y052,"1"
x204y053,x204y053,"1"
x204y054,x204y054,"1"
x204y055,x204y055,"1"
x204y056,x204y056,"1"
x204y057,x204y057,"1"
x204y058,x204y058,"1"
x204y059,x204y059,"1"
x204y060,x204y060,"1"
x204y061,x204y061,"1"
x204y062,x204y062,"1"
x204y063,x204y063,"1"
x204y064,x204y064,"1"
x204y065,x204y065,"1"
x204y066,x204y066,"1"
x204y067,x204y067,"1"
x204y068,x204y068,"1"
x204y069,x204y069,"1"
x204y070,x204y070,"1"
x204y071,x204y071,"1"
x204y072,x204y072,"1"
x204y073,x204y073,"1"
x204y074,x204y074,"1"
x204y075,x204y075,"1"
x204y076,x204y076,"1"
x204y077,x204y077,"1"
x204y078,x204y078,"1"
x204y079,x204y079,"1"
x204y080,x204y080,"1"
x204y081,x204y081,"1"
x204y082,x204y082,"1"
x204y083,x204y083,"1"
x204y084,x204y084,"1"
x204y085,x204y085,"1"
x204y086,x204y086,"1"
x204y087,x204y087,"1"
x204y088,x204y088,"1"
x204y089,x204y089,"1"
x204y090,x204y090,"1"
x204y091,x204y091,"1"
x204y092,x204y092,"1"
x204y093,x204y093,"1"
x204y094,x204y094,"1"
x204y095,x204y095,"1"
x204y096,x204y096,"1"
x204y097,x204y097,"1"
x204y098,x204y098,"1"
x204y099,x204y099,"1"
x204y100,x204y100,"1"
x204y101,x204y101,"1"
x204y102,x204y102,"1"
x204y103,x204y103,"1"
x204y104,x204y104,"1"
x204y105,x204y105,"1"
x204y106,x204y106,"1"
x204y107,x204y107,"1"
x204y108,x204y108,"1"
x204y109,x204y109,"1"
x204y110,x204y110,"1"
x204y111,x204y111,"1"
x204y112,x204y112,"1"
x204y113,x204y113,"1"
x204y114,x204y114,"1"
x204y115,x204y115,"1"
x204y116,x204y116,"1"
x204y117,x204y117,"1"
x204y118,x204y118,"1"
x205y034,x205y034,"1"
x205y035,x205y035,"1"
x205y036,x205y036,"1"
x205y037,x205y037,"1"
x205y038,x205y038,"1"
x205y039,x205y039,"1"
x205y040,x205y040,"1"
x205y041,x205y041,"1"
x205y042,x205y042,"1"
x205y043,x205y043,"1"
x205y044,x205y044,"1"
x205y045,x205y045,"1"
x205y046,x205y046,"1"
x205y047,x205y047,"1"
x205y048,x205y048,"1"
x205y049,x205y049,"1"
x205y050,x205y050,"1"
x205y051,x205y051,"1"
x205y052,x205y052,"1"
x205y053,x205y053,"1"
x205y054,x205y054,"1"
x205y055,x205y055,"1"
x205y056,x205y056,"1"
x205y057,x205y057,"1"
x205y058,x205y058,"1"
x205y059,x205y059,"1"
x205y060,x205y060,"1"
x205y061,x205y061,"1"
x205y062,x205y062,"1"
x205y063,x205y063,"1"
x205y064,x205y064,"1"
x205y065,x205y065,"1"
x205y066,x205y066,"1"
x205y067,x205y067,"1"
x205y068,x205y068,"1"
x205y069,x205y069,"1"
x205y070,x205y070,"1"
x205y071,x205y071,"1"
x205y072,x205y072,"1"
x205y073,x205y073,"1"
x205y074,x205y074,"1"
x205y075,x205y075,"1"
x205y076,x205y076,"1"
x205y077,x205y077,"1"
x205y078,x205y078,"1"
x205y079,x205y079,"1"
x205y080,x205y080,"1"
x205y081,x205y081,"1"
x205y082,x205y082,"1"
x205y083,x205y083,"1"
x205y084,x205y084,"1"
x205y085,x205y085,"1"
x205y086,x205y086,"1"
x205y087,x205y087,"1"
x205y088,x205y088,"1"
x205y089,x205y089,"1"
x205y090,x205y090,"1"
x205y091,x205y091,"1"
x205y092,x205y092,"1"
x205y093,x205y093,"1"
x205y094,x205y094,"1"
x205y095,x205y095,"1"
x205y096,x205y096,"1"
x205y097,x205y097,"1"
x205y098,x205y098,"1"
x205y099,x205y099,"1"
x205y100,x205y100,"1"
x205y101,x205y101,"1"
x205y102,x205y102,"1"
x205y103,x205y103,"1"
x205y104,x205y104,"1"
x205y105,x205y105,"1"
x205y106,x205y106,"1"
x205y107,x205y107,"1"
x205y108,x205y108,"1"
x205y109,x205y109,"1"
x205y110,x205y110,"1"
x205y111,x205y111,"1"
x205y112,x205y112,"1"
x205y113,x205y113,"1"
x205y114,x205y114,"1"
x205y115,x205y115,"1"
x205y116,x205y116,"1"
x205y117,x205y117,"1"
x206y034,x206y034,"1"
x206y035,x206y035,"1"
x206y036,x206y036,"1"
x206y037,x206y037,"1"
x206y038,x206y038,"1"
x206y039,x206y039,"1"
x206y040,x206y040,"1"
x206y041,x206y041,"1"
x206y042,x206y042,"1"
x206y043,x206y043,"1"
x206y044,x206y044,"1"
x206y045,x206y045,"1"
x206y046,x206y046,"1"
x206y047,x206y047,"1"
x206y048,x206y048,"1"
x206y049,x206y049,"1"
x206y050,x206y050,"1"
x206y051,x206y051,"1"
x206y052,x206y052,"1"
x206y053,x206y053,"1"
x206y054,x206y054,"1"
x206y055,x206y055,"1"
x206y056,x206y056,"1"
x206y057,x206y057,"1"
x206y058,x206y058,"1"
x206y059,x206y059,"1"
x206y060,x206y060,"1"
x206y061,x206y061,"1"
x206y062,x206y062,"1"
x206y063,x206y063,"1"
x206y064,x206y064,"1"
x206y065,x206y065,"1"
x206y066,x206y066,"1"
x206y067,x206y067,"1"
x206y068,x206y068,"1"
x206y069,x206y069,"1"
x206y070,x206y070,"1"
x206y071,x206y071,"1"
x206y072,x206y072,"1"
x206y073,x206y073,"1"
x206y074,x206y074,"1"
x206y075,x206y075,"1"
x206y076,x206y076,"1"
x206y077,x206y077,"1"
x206y078,x206y078,"1"
x206y079,x206y079,"1"
x206y080,x206y080,"1"
x206y081,x206y081,"1"
x206y082,x206y082,"1"
x206y083,x206y083,"1"
x206y084,x206y084,"1"
x206y085,x206y085,"1"
x206y086,x206y086,"1"
x206y087,x206y087,"1"
x206y088,x206y088,"1"
x206y089,x206y089,"1"
x206y090,x206y090,"1"
x206y091,x206y091,"1"
x206y092,x206y092,"1"
x206y093,x206y093,"1"
x206y094,x206y094,"1"
x206y095,x206y095,"1"
x206y096,x206y096,"1"
x206y097,x206y097,"1"
x206y098,x206y098,"1"
x206y099,x206y099,"1"
x206y100,x206y100,"1"
x206y101,x206y101,"1"
x206y102,x206y102,"1"
x206y103,x206y103,"1"
x206y104,x206y104,"1"
x206y105,x206y105,"1"
x206y106,x206y106,"1"
x206y107,x206y107,"1"
x206y108,x206y108,"1"
x206y109,x206y109,"1"
x206y110,x206y110,"1"
x206y111,x206y111,"1"
x206y112,x206y112,"1"
x206y113,x206y113,"1"
x206y114,x206y114,"1"
x206y115,x206y115,"1"
x206y116,x206y116,"1"
x206y117,x206y117,"1"
x207y034,x207y034,"1"
x207y035,x207y035,"1"
x207y036,x207y036,"1"
x207y037,x207y037,"1"
x207y038,x207y038,"1"
x207y039,x207y039,"1"
x207y040,x207y040,"1"
x207y041,x207y041,"1"
x207y042,x207y042,"1"
x207y043,x207y043,"1"
x207y044,x207y044,"1"
x207y045,x207y045,"1"
x207y046,x207y046,"1"
x207y047,x207y047,"1"
x207y048,x207y048,"1"
x207y049,x207y049,"1"
x207y050,x207y050,"1"
x207y051,x207y051,"1"
x207y052,x207y052,"1"
x207y053,x207y053,"1"
x207y054,x207y054,"1"
x207y055,x207y055,"1"
x207y056,x207y056,"1"
x207y057,x207y057,"1"
x207y058,x207y058,"1"
x207y059,x207y059,"1"
x207y060,x207y060,"1"
x207y061,x207y061,"1"
x207y062,x207y062,"1"
x207y063,x207y063,"1"
x207y064,x207y064,"1"
x207y065,x207y065,"1"
x207y066,x207y066,"1"
x207y067,x207y067,"1"
x207y068,x207y068,"1"
x207y069,x207y069,"1"
x207y070,x207y070,"1"
x207y071,x207y071,"1"
x207y072,x207y072,"1"
x207y073,x207y073,"1"
x207y074,x207y074,"1"
x207y075,x207y075,"1"
x207y076,x207y076,"1"
x207y077,x207y077,"1"
x207y078,x207y078,"1"
x207y079,x207y079,"1"
x207y080,x207y080,"1"
x207y081,x207y081,"1"
x207y082,x207y082,"1"
x207y083,x207y083,"1"
x207y084,x207y084,"1"
x207y085,x207y085,"1"
x207y086,x207y086,"1"
x207y087,x207y087,"1"
x207y088,x207y088,"1"
x207y089,x207y089,"1"
x207y090,x207y090,"1"
x207y091,x207y091,"1"
x207y092,x207y092,"1"
x207y093,x207y093,"1"
x207y094,x207y094,"1"
x207y095,x207y095,"1"
x207y096,x207y096,"1"
x207y097,x207y097,"1"
x207y098,x207y098,"1"
x207y099,x207y099,"1"
x207y100,x207y100,"1"
x207y101,x207y101,"1"
x207y102,x207y102,"1"
x207y103,x207y103,"1"
x207y104,x207y104,"1"
x207y105,x207y105,"1"
x207y106,x207y106,"1"
x207y107,x207y107,"1"
x207y108,x207y108,"1"
x207y109,x207y109,"1"
x207y110,x207y110,"1"
x207y111,x207y111,"1"
x207y112,x207y112,"1"
x207y113,x207y113,"1"
x207y114,x207y114,"1"
x207y115,x207y115,"1"
x207y116,x207y116,"1"
x208y034,x208y034,"1"
x208y035,x208y035,"1"
x208y036,x208y036,"1"
x208y037,x208y037,"1"
x208y038,x208y038,"1"
x208y039,x208y039,"1"
x208y040,x208y040,"1"
x208y041,x208y041,"1"
x208y042,x208y042,"1"
x208y043,x208y043,"1"
x208y044,x208y044,"1"
x208y045,x208y045,"1"
x208y046,x208y046,"1"
x208y047,x208y047,"1"
x208y048,x208y048,"1"
x208y049,x208y049,"1"
x208y050,x208y050,"1"
x208y051,x208y051,"1"
x208y052,x208y052,"1"
x208y053,x208y053,"1"
x208y054,x208y054,"1"
x208y055,x208y055,"1"
x208y056,x208y056,"1"
x208y057,x208y057,"1"
x208y058,x208y058,"1"
x208y059,x208y059,"1"
x208y060,x208y060,"1"
x208y061,x208y061,"1"
x208y062,x208y062,"1"
x208y063,x208y063,"1"
x208y064,x208y064,"1"
x208y065,x208y065,"1"
x208y066,x208y066,"1"
x208y067,x208y067,"1"
x208y068,x208y068,"1"
x208y069,x208y069,"1"
x208y070,x208y070,"1"
x208y071,x208y071,"1"
x208y072,x208y072,"1"
x208y073,x208y073,"1"
x208y074,x208y074,"1"
x208y075,x208y075,"1"
x208y076,x208y076,"1"
x208y077,x208y077,"1"
x208y078,x208y078,"1"
x208y079,x208y079,"1"
x208y080,x208y080,"1"
x208y081,x208y081,"1"
x208y082,x208y082,"1"
x208y083,x208y083,"1"
x208y084,x208y084,"1"
x208y085,x208y085,"1"
x208y086,x208y086,"1"
x208y087,x208y087,"1"
x208y088,x208y088,"1"
x208y089,x208y089,"1"
x208y090,x208y090,"1"
x208y091,x208y091,"1"
x208y092,x208y092,"1"
x208y093,x208y093,"1"
x208y094,x208y094,"1"
x208y095,x208y095,"1"
x208y096,x208y096,"1"
x208y097,x208y097,"1"
x208y098,x208y098,"1"
x208y099,x208y099,"1"
x208y100,x208y100,"1"
x208y101,x208y101,"1"
x208y102,x208y102,"1"
x208y103,x208y103,"1"
x208y104,x208y104,"1"
x208y105,x208y105,"1"
x208y106,x208y106,"1"
x208y107,x208y107,"1"
x208y108,x208y108,"1"
x208y109,x208y109,"1"
x208y110,x208y110,"1"
x208y111,x208y111,"1"
x208y112,x208y112,"1"
x208y113,x208y113,"1"
x208y114,x208y114,"1"
x208y115,x208y115,"1"
x208y116,x208y116,"1"
x209y035,x209y035,"1"
x209y036,x209y036,"1"
x209y037,x209y037,"1"
x209y038,x209y038,"1"
x209y039,x209y039,"1"
x209y040,x209y040,"1"
x209y041,x209y041,"1"
x209y042,x209y042,"1"
x209y043,x209y043,"1"
x209y044,x209y044,"1"
x209y045,x209y045,"1"
x209y046,x209y046,"1"
x209y047,x209y047,"1"
x209y048,x209y048,"1"
x209y049,x209y049,"1"
x209y050,x209y050,"1"
x209y051,x209y051,"1"
x209y052,x209y052,"1"
x209y053,x209y053,"1"
x209y054,x209y054,"1"
x209y055,x209y055,"1"
x209y056,x209y056,"1"
x209y057,x209y057,"1"
x209y058,x209y058,"1"
x209y059,x209y059,"1"
x209y060,x209y060,"1"
x209y061,x209y061,"1"
x209y062,x209y062,"1"
x209y063,x209y063,"1"
x209y064,x209y064,"1"
x209y065,x209y065,"1"
x209y066,x209y066,"1"
x209y067,x209y067,"1"
x209y068,x209y068,"1"
x209y069,x209y069,"1"
x209y070,x209y070,"1"
x209y071,x209y071,"1"
x209y072,x209y072,"1"
x209y073,x209y073,"1"
x209y074,x209y074,"1"
x209y075,x209y075,"1"
x209y076,x209y076,"1"
x209y077,x209y077,"1"
x209y078,x209y078,"1"
x209y079,x209y079,"1"
x209y080,x209y080,"1"
x209y081,x209y081,"1"
x209y082,x209y082,"1"
x209y083,x209y083,"1"
x209y084,x209y084,"1"
x209y085,x209y085,"1"
x209y086,x209y086,"1"
x209y087,x209y087,"1"
x209y088,x209y088,"1"
x209y089,x209y089,"1"
x209y090,x209y090,"1"
x209y091,x209y091,"1"
x209y092,x209y092,"1"
x209y093,x209y093,"1"
x209y094,x209y094,"1"
x209y095,x209y095,"1"
x209y096,x209y096,"1"
x209y097,x209y097,"1"
x209y098,x209y098,"1"
x209y099,x209y099,"1"
x209y100,x209y100,"1"
x209y101,x209y101,"1"
x209y102,x209y102,"1"
x209y103,x209y103,"1"
x209y104,x209y104,"1"
x209y105,x209y105,"1"
x209y106,x209y106,"1"
x209y107,x209y107,"1"
x209y108,x209y108,"1"
x209y109,x209y109,"1"
x209y110,x209y110,"1"
x209y111,x209y111,"1"
x209y112,x209y112,"1"
x209y113,x209y113,"1"
x209y114,x209y114,"1"
x209y115,x209y115,"1"
x209y116,x209y116,"1"
x210y036,x210y036,"1"
x210y037,x210y037,"1"
x210y038,x210y038,"1"
x210y039,x210y039,"1"
x210y040,x210y040,"1"
x210y041,x210y041,"1"
x210y042,x210y042,"1"
x210y043,x210y043,"1"
x210y044,x210y044,"1"
x210y045,x210y045,"1"
x210y046,x210y046,"1"
x210y047,x210y047,"1"
x210y048,x210y048,"1"
x210y049,x210y049,"1"
x210y050,x210y050,"1"
x210y051,x210y051,"1"
x210y052,x210y052,"1"
x210y053,x210y053,"1"
x210y054,x210y054,"1"
x210y055,x210y055,"1"
x210y056,x210y056,"1"
x210y057,x210y057,"1"
x210y058,x210y058,"1"
x210y059,x210y059,"1"
x210y060,x210y060,"1"
x210y061,x210y061,"1"
x210y062,x210y062,"1"
x210y063,x210y063,"1"
x210y064,x210y064,"1"
x210y065,x210y065,"1"
x210y066,x210y066,"1"
x210y067,x210y067,"1"
x210y068,x210y068,"1"
x210y069,x210y069,"1"
x210y070,x210y070,"1"
x210y071,x210y071,"1"
x210y072,x210y072,"1"
x210y073,x210y073,"1"
x210y074,x210y074,"1"
x210y075,x210y075,"1"
x210y076,x210y076,"1"
x210y077,x210y077,"1"
x210y078,x210y078,"1"
x210y079,x210y079,"1"
x210y080,x210y080,"1"
x210y081,x210y081,"1"
x210y082,x210y082,"1"
x210y083,x210y083,"1"
x210y084,x210y084,"1"
x210y085,x210y085,"1"
x210y086,x210y086,"1"
x210y087,x210y087,"1"
x210y088,x210y088,"1"
x210y089,x210y089,"1"
x210y090,x210y090,"1"
x210y091,x210y091,"1"
x210y092,x210y092,"1"
x210y093,x210y093,"1"
x210y094,x210y094,"1"
x210y095,x210y095,"1"
x210y096,x210y096,"1"
x210y097,x210y097,"1"
x210y098,x210y098,"1"
x210y099,x210y099,"1"
x210y100,x210y100,"1"
x210y101,x210y101,"1"
x210y102,x210y102,"1"
x210y103,x210y103,"1"
x210y104,x210y104,"1"
x210y105,x210y105,"1"
x210y106,x210y106,"1"
x210y107,x210y107,"1"
x210y108,x210y108,"1"
x210y109,x210y109,"1"
x210y110,x210y110,"1"
x210y111,x210y111,"1"
x210y112,x210y112,"1"
x210y113,x210y113,"1"
x210y114,x210y114,"1"
x210y115,x210y115,"1"
x210y116,x210y116,"1"
x211y037,x211y037,"1"
x211y038,x211y038,"1"
x211y039,x211y039,"1"
x211y040,x211y040,"1"
x211y041,x211y041,"1"
x211y042,x211y042,"1"
x211y043,x211y043,"1"
x211y044,x211y044,"1"
x211y045,x211y045,"1"
x211y046,x211y046,"1"
x211y047,x211y047,"1"
x211y048,x211y048,"1"
x211y049,x211y049,"1"
x211y050,x211y050,"1"
x211y051,x211y051,"1"
x211y052,x211y052,"1"
x211y053,x211y053,"1"
x211y054,x211y054,"1"
x211y055,x211y055,"1"
x211y056,x211y056,"1"
x211y057,x211y057,"1"
x211y058,x211y058,"1"
x211y059,x211y059,"1"
x211y060,x211y060,"1"
x211y061,x211y061,"1"
x211y062,x211y062,"1"
x211y063,x211y063,"1"
x211y064,x211y064,"1"
x211y065,x211y065,"1"
x211y066,x211y066,"1"
x211y067,x211y067,"1"
x211y068,x211y068,"1"
x211y069,x211y069,"1"
x211y070,x211y070,"1"
x211y071,x211y071,"1"
x211y072,x211y072,"1"
x211y073,x211y073,"1"
x211y074,x211y074,"1"
x211y075,x211y075,"1"
x211y076,x211y076,"1"
x211y077,x211y077,"1"
x211y078,x211y078,"1"
x211y079,x211y079,"1"
x211y080,x211y080,"1"
x211y081,x211y081,"1"
x211y082,x211y082,"1"
x211y083,x211y083,"1"
x211y084,x211y084,"1"
x211y085,x211y085,"1"
x211y086,x211y086,"1"
x211y087,x211y087,"1"
x211y088,x211y088,"1"
x211y089,x211y089,"1"
x211y090,x211y090,"1"
x211y091,x211y091,"1"
x211y092,x211y092,"1"
x211y093,x211y093,"1"
x211y094,x211y094,"1"
x211y095,x211y095,"1"
x211y096,x211y096,"1"
x211y097,x211y097,"1"
x211y098,x211y098,"1"
x211y099,x211y099,"1"
x211y100,x211y100,"1"
x211y101,x211y101,"1"
x211y102,x211y102,"1"
x211y103,x211y103,"1"
x211y104,x211y104,"1"
x211y105,x211y105,"1"
x211y106,x211y106,"1"
x211y107,x211y107,"1"
x211y108,x211y108,"1"
x211y109,x211y109,"1"
x211y110,x211y110,"1"
x211y111,x211y111,"1"
x211y112,x211y112,"1"
x211y113,x211y113,"1"
x211y114,x211y114,"1"
x211y115,x211y115,"1"
x211y116,x211y116,"1"
x212y038,x212y038,"1"
x212y039,x212y039,"1"
x212y040,x212y040,"1"
x212y041,x212y041,"1"
x212y042,x212y042,"1"
x212y043,x212y043,"1"
x212y044,x212y044,"1"
x212y045,x212y045,"1"
x212y046,x212y046,"1"
x212y047,x212y047,"1"
x212y048,x212y048,"1"
x212y049,x212y049,"1"
x212y050,x212y050,"1"
x212y051,x212y051,"1"
x212y052,x212y052,"1"
x212y053,x212y053,"1"
x212y054,x212y054,"1"
x212y055,x212y055,"1"
x212y056,x212y056,"1"
x212y057,x212y057,"1"
x212y058,x212y058,"1"
x212y059,x212y059,"1"
x212y060,x212y060,"1"
x212y061,x212y061,"1"
x212y062,x212y062,"1"
x212y063,x212y063,"1"
x212y064,x212y064,"1"
x212y065,x212y065,"1"
x212y066,x212y066,"1"
x212y067,x212y067,"1"
x212y068,x212y068,"1"
x212y069,x212y069,"1"
x212y070,x212y070,"1"
x212y071,x212y071,"1"
x212y072,x212y072,"1"
x212y073,x212y073,"1"
x212y074,x212y074,"1"
x212y075,x212y075,"1"
x212y076,x212y076,"1"
x212y077,x212y077,"1"
x212y078,x212y078,"1"
x212y079,x212y079,"1"
x212y080,x212y080,"1"
x212y081,x212y081,"1"
x212y082,x212y082,"1"
x212y083,x212y083,"1"
x212y084,x212y084,"1"
x212y085,x212y085,"1"
x212y086,x212y086,"1"
x212y087,x212y087,"1"
x212y088,x212y088,"1"
x212y089,x212y089,"1"
x212y090,x212y090,"1"
x212y091,x212y091,"1"
x212y092,x212y092,"1"
x212y093,x212y093,"1"
x212y094,x212y094,"1"
x212y095,x212y095,"1"
x212y096,x212y096,"1"
x212y097,x212y097,"1"
x212y098,x212y098,"1"
x212y099,x212y099,"1"
x212y100,x212y100,"1"
x212y101,x212y101,"1"
x212y102,x212y102,"1"
x212y103,x212y103,"1"
x212y104,x212y104,"1"
x212y105,x212y105,"1"
x212y106,x212y106,"1"
x212y107,x212y107,"1"
x212y108,x212y108,"1"
x212y109,x212y109,"1"
x212y110,x212y110,"1"
x212y111,x212y111,"1"
x212y112,x212y112,"1"
x212y113,x212y113,"1"
x212y114,x212y114,"1"
x212y115,x212y115,"1"
x212y116,x212y116,"1"
x213y040,x213y040,"1"
x213y041,x213y041,"1"
x213y042,x213y042,"1"
x213y043,x213y043,"1"
x213y044,x213y044,"1"
x213y045,x213y045,"1"
x213y046,x213y046,"1"
x213y047,x213y047,"1"
x213y048,x213y048,"1"
x213y049,x213y049,"1"
x213y050,x213y050,"1"
x213y051,x213y051,"1"
x213y052,x213y052,"1"
x213y053,x213y053,"1"
x213y054,x213y054,"1"
x213y055,x213y055,"1"
x213y056,x213y056,"1"
x213y057,x213y057,"1"
x213y058,x213y058,"1"
x213y059,x213y059,"1"
x213y060,x213y060,"1"
x213y061,x213y061,"1"
x213y062,x213y062,"1"
x213y063,x213y063,"1"
x213y064,x213y064,"1"
x213y065,x213y065,"1"
x213y066,x213y066,"1"
x213y067,x213y067,"1"
x213y068,x213y068,"1"
x213y069,x213y069,"1"
x213y070,x213y070,"1"
x213y071,x213y071,"1"
x213y072,x213y072,"1"
x213y073,x213y073,"1"
x213y074,x213y074,"1"
x213y075,x213y075,"1"
x213y076,x213y076,"1"
x213y077,x213y077,"1"
x213y078,x213y078,"1"
x213y079,x213y079,"1"
x213y080,x213y080,"1"
x213y081,x213y081,"1"
x213y082,x213y082,"1"
x213y083,x213y083,"1"
x213y084,x213y084,"1"
x213y085,x213y085,"1"
x213y086,x213y086,"1"
x213y087,x213y087,"1"
x213y088,x213y088,"1"
x213y089,x213y089,"1"
x213y090,x213y090,"1"
x213y091,x213y091,"1"
x213y092,x213y092,"1"
x213y093,x213y093,"1"
x213y094,x213y094,"1"
x213y095,x213y095,"1"
x213y096,x213y096,"1"
x213y097,x213y097,"1"
x213y098,x213y098,"1"
x213y099,x213y099,"1"
x213y100,x213y100,"1"
x213y101,x213y101,"1"
x213y102,x213y102,"1"
x213y103,x213y103,"1"
x213y104,x213y104,"1"
x213y105,x213y105,"1"
x213y106,x213y106,"1"
x213y107,x213y107,"1"
x213y108,x213y108,"1"
x213y109,x213y109,"1"
x213y110,x213y110,"1"
x213y111,x213y111,"1"
x213y112,x213y112,"1"
x213y113,x213y113,"1"
x213y114,x213y114,"1"
x213y115,x213y115,"1"
x213y116,x213y116,"1"
x214y042,x214y042,"1"
x214y043,x214y043,"1"
x214y044,x214y044,"1"
x214y045,x214y045,"1"
x214y046,x214y046,"1"
x214y047,x214y047,"1"
x214y048,x214y048,"1"
x214y049,x214y049,"1"
x214y050,x214y050,"1"
x214y051,x214y051,"1"
x214y052,x214y052,"1"
x214y053,x214y053,"1"
x214y054,x214y054,"1"
x214y055,x214y055,"1"
x214y056,x214y056,"1"
x214y057,x214y057,"1"
x214y058,x214y058,"1"
x214y059,x214y059,"1"
x214y060,x214y060,"1"
x214y061,x214y061,"1"
x214y062,x214y062,"1"
x214y063,x214y063,"1"
x214y064,x214y064,"1"
x214y065,x214y065,"1"
x214y066,x214y066,"1"
x214y067,x214y067,"1"
x214y068,x214y068,"1"
x214y069,x214y069,"1"
x214y070,x214y070,"1"
x214y071,x214y071,"1"
x214y072,x214y072,"1"
x214y073,x214y073,"1"
x214y074,x214y074,"1"
x214y075,x214y075,"1"
x214y076,x214y076,"1"
x214y077,x214y077,"1"
x214y078,x214y078,"1"
x214y079,x214y079,"1"
x214y080,x214y080,"1"
x214y081,x214y081,"1"
x214y082,x214y082,"1"
x214y083,x214y083,"1"
x214y084,x214y084,"1"
x214y085,x214y085,"1"
x214y086,x214y086,"1"
x214y087,x214y087,"1"
x214y088,x214y088,"1"
x214y089,x214y089,"1"
x214y090,x214y090,"1"
x214y091,x214y091,"1"
x214y092,x214y092,"1"
x214y093,x214y093,"1"
x214y094,x214y094,"1"
x214y095,x214y095,"1"
x214y096,x214y096,"1"
x214y097,x214y097,"1"
x214y098,x214y098,"1"
x214y099,x214y099,"1"
x214y100,x214y100,"1"
x214y101,x214y101,"1"
x214y102,x214y102,"1"
x214y103,x214y103,"1"
x214y104,x214y104,"1"
x214y105,x214y105,"1"
x214y106,x214y106,"1"
x214y107,x214y107,"1"
x214y108,x214y108,"1"
x214y109,x214y109,"1"
x214y110,x214y110,"1"
x214y111,x214y111,"1"
x214y112,x214y112,"1"
x214y113,x214y113,"1"
x214y114,x214y114,"1"
x214y115,x214y115,"1"
x214y116,x214y116,"1"
x215y044,x215y044,"1"
x215y045,x215y045,"1"
x215y046,x215y046,"1"
x215y047,x215y047,"1"
x215y048,x215y048,"1"
x215y049,x215y049,"1"
x215y050,x215y050,"1"
x215y051,x215y051,"1"
x215y052,x215y052,"1"
x215y053,x215y053,"1"
x215y054,x215y054,"1"
x215y055,x215y055,"1"
x215y056,x215y056,"1"
x215y057,x215y057,"1"
x215y058,x215y058,"1"
x215y059,x215y059,"1"
x215y060,x215y060,"1"
x215y061,x215y061,"1"
x215y062,x215y062,"1"
x215y063,x215y063,"1"
x215y064,x215y064,"1"
x215y065,x215y065,"1"
x215y066,x215y066,"1"
x215y067,x215y067,"1"
x215y068,x215y068,"1"
x215y069,x215y069,"1"
x215y070,x215y070,"1"
x215y071,x215y071,"1"
x215y072,x215y072,"1"
x215y073,x215y073,"1"
x215y074,x215y074,"1"
x215y075,x215y075,"1"
x215y076,x215y076,"1"
x215y077,x215y077,"1"
x215y078,x215y078,"1"
x215y079,x215y079,"1"
x215y080,x215y080,"1"
x215y081,x215y081,"1"
x215y082,x215y082,"1"
x215y083,x215y083,"1"
x215y084,x215y084,"1"
x215y085,x215y085,"1"
x215y086,x215y086,"1"
x215y087,x215y087,"1"
x215y088,x215y088,"1"
x215y089,x215y089,"1"
x215y090,x215y090,"1"
x215y091,x215y091,"1"
x215y092,x215y092,"1"
x215y093,x215y093,"1"
x215y094,x215y094,"1"
x215y095,x215y095,"1"
x215y096,x215y096,"1"
x215y097,x215y097,"1"
x215y098,x215y098,"1"
x215y099,x215y099,"1"
x215y100,x215y100,"1"
x215y101,x215y101,"1"
x215y102,x215y102,"1"
x215y103,x215y103,"1"
x215y104,x215y104,"1"
x215y105,x215y105,"1"
x215y106,x215y106,"1"
x215y107,x215y107,"1"
x215y108,x215y108,"1"
x215y109,x215y109,"1"
x215y110,x215y110,"1"
x215y111,x215y111,"1"
x215y112,x215y112,"1"
x215y113,x215y113,"1"
x215y114,x215y114,"1"
x215y115,x215y115,"1"
x215y116,x215y116,"1"
x216y045,x216y045,"1"
x216y046,x216y046,"1"
x216y047,x216y047,"1"
x216y048,x216y048,"1"
x216y049,x216y049,"1"
x216y050,x216y050,"1"
x216y051,x216y051,"1"
x216y052,x216y052,"1"
x216y053,x216y053,"1"
x216y054,x216y054,"1"
x216y055,x216y055,"1"
x216y056,x216y056,"1"
x216y057,x216y057,"1"
x216y058,x216y058,"1"
x216y059,x216y059,"1"
x216y060,x216y060,"1"
x216y061,x216y061,"1"
x216y062,x216y062,"1"
x216y063,x216y063,"1"
x216y064,x216y064,"1"
x216y065,x216y065,"1"
x216y066,x216y066,"1"
x216y067,x216y067,"1"
x216y068,x216y068,"1"
x216y069,x216y069,"1"
x216y070,x216y070,"1"
x216y071,x216y071,"1"
x216y072,x216y072,"1"
x216y073,x216y073,"1"
x216y074,x216y074,"1"
x216y075,x216y075,"1"
x216y076,x216y076,"1"
x216y077,x216y077,"1"
x216y078,x216y078,"1"
x216y079,x216y079,"1"
x216y080,x216y080,"1"
x216y081,x216y081,"1"
x216y082,x216y082,"1"
x216y083,x216y083,"1"
x216y084,x216y084,"1"
x216y085,x216y085,"1"
x216y086,x216y086,"1"
x216y087,x216y087,"1"
x216y088,x216y088,"1"
x216y089,x216y089,"1"
x216y090,x216y090,"1"
x216y091,x216y091,"1"
x216y092,x216y092,"1"
x216y093,x216y093,"1"
x216y094,x216y094,"1"
x216y095,x216y095,"1"
x216y096,x216y096,"1"
x216y097,x216y097,"1"
x216y098,x216y098,"1"
x216y099,x216y099,"1"
x216y100,x216y100,"1"
x216y101,x216y101,"1"
x216y102,x216y102,"1"
x216y103,x216y103,"1"
x216y104,x216y104,"1"
x216y105,x216y105,"1"
x216y106,x216y106,"1"
x216y107,x216y107,"1"
x216y108,x216y108,"1"
x216y109,x216y109,"1"
x216y114,x216y114,"1"
x217y052,x217y052,"1"
x217y053,x217y053,"1"
x217y054,x217y054,"1"
x217y055,x217y055,"1"
x217y056,x217y056,"1"
x217y057,x217y057,"1"
x217y058,x217y058,"1"
x217y059,x217y059,"1"
x217y060,x217y060,"1"
x217y061,x217y061,"1"
x217y062,x217y062,"1"
x217y063,x217y063,"1"
x217y064,x217y064,"1"
x217y065,x217y065,"1"
x217y066,x217y066,"1"
x217y067,x217y067,"1"
x217y068,x217y068,"1"
x217y069,x217y069,"1"
x217y070,x217y070,"1"
x217y071,x217y071,"1"
x217y072,x217y072,"1"
x217y073,x217y073,"1"
x217y074,x217y074,"1"
x217y075,x217y075,"1"
x217y076,x217y076,"1"
x217y077,x217y077,"1"
x217y078,x217y078,"1"
x217y079,x217y079,"1"
x217y080,x217y080,"1"
x217y081,x217y081,"1"
x217y082,x217y082,"1"
x217y083,x217y083,"1"
x217y084,x217y084,"1"
x217y085,x217y085,"1"
x217y086,x217y086,"1"
x217y087,x217y087,"1"
x217y088,x217y088,"1"
x217y089,x217y089,"1"
x217y090,x217y090,"1"
x217y091,x217y091,"1"
x217y092,x217y092,"1"
x217y093,x217y093,"1"
x217y094,x217y094,"1"
x217y095,x217y095,"1"
x217y096,x217y096,"1"
x217y097,x217y097,"1"
x217y098,x217y098,"1"
x217y099,x217y099,"1"
x217y100,x217y100,"1"
x217y101,x217y101,"1"
x217y102,x217y102,"1"
x217y103,x217y103,"1"
x217y104,x217y104,"1"
x217y105,x217y105,"1"
x217y106,x217y106,"1"
x218y053,x218y053,"1"
x218y054,x218y054,"1"
x218y055,x218y055,"1"
x218y056,x218y056,"1"
x218y057,x218y057,"1"
x218y058,x218y058,"1"
x218y059,x218y059,"1"
x218y060,x218y060,"1"
x218y061,x218y061,"1"
x218y062,x218y062,"1"
x218y063,x218y063,"1"
x218y064,x218y064,"1"
x218y065,x218y065,"1"
x218y066,x218y066,"1"
x218y067,x218y067,"1"
x218y068,x218y068,"1"
x218y069,x218y069,"1"
x218y070,x218y070,"1"
x218y071,x218y071,"1"
x218y072,x218y072,"1"
x218y073,x218y073,"1"
x218y074,x218y074,"1"
x218y075,x218y075,"1"
x218y076,x218y076,"1"
x218y077,x218y077,"1"
x218y078,x218y078,"1"
x218y079,x218y079,"1"
x218y080,x218y080,"1"
x218y081,x218y081,"1"
x218y082,x218y082,"1"
x218y083,x218y083,"1"
x218y084,x218y084,"1"
x218y085,x218y085,"1"
x218y086,x218y086,"1"
x218y087,x218y087,"1"
x218y088,x218y088,"1"
x218y089,x218y089,"1"
x218y090,x218y090,"1"
x218y091,x218y091,"1"
x218y092,x218y092,"1"
x218y093,x218y093,"1"
x218y094,x218y094,"1"
x218y095,x218y095,"1"
x218y096,x218y096,"1"
x218y097,x218y097,"1"
x218y098,x218y098,"1"
x218y099,x218y099,"1"
x218y100,x218y100,"1"
x218y101,x218y101,"1"
x218y102,x218y102,"1"
x218y103,x218y103,"1"
x218y104,x218y104,"1"
x218y105,x218y105,"1"
x219y054,x219y054,"1"
x219y055,x219y055,"1"
x219y056,x219y056,"1"
x219y057,x219y057,"1"
x219y058,x219y058,"1"
x219y059,x219y059,"1"
x219y060,x219y060,"1"
x219y061,x219y061,"1"
x219y062,x219y062,"1"
x219y063,x219y063,"1"
x219y064,x219y064,"1"
x219y065,x219y065,"1"
x219y066,x219y066,"1"
x219y067,x219y067,"1"
x219y068,x219y068,"1"
x219y069,x219y069,"1"
x219y070,x219y070,"1"
x219y071,x219y071,"1"
x219y072,x219y072,"1"
x219y073,x219y073,"1"
x219y074,x219y074,"1"
x219y075,x219y075,"1"
x219y076,x219y076,"1"
x219y077,x219y077,"1"
x219y078,x219y078,"1"
x219y079,x219y079,"1"
x219y080,x219y080,"1"
x219y081,x219y081,"1"
x219y082,x219y082,"1"
x219y083,x219y083,"1"
x219y084,x219y084,"1"
x219y085,x219y085,"1"
x219y086,x219y086,"1"
x219y087,x219y087,"1"
x219y088,x219y088,"1"
x219y089,x219y089,"1"
x219y090,x219y090,"1"
x219y091,x219y091,"1"
x219y092,x219y092,"1"
x219y093,x219y093,"1"
x219y094,x219y094,"1"
x219y095,x219y095,"1"
x219y096,x219y096,"1"
x219y097,x219y097,"1"
x219y098,x219y098,"1"
x219y099,x219y099,"1"
x219y100,x219y100,"1"
x219y101,x219y101,"1"
x220y054,x220y054,"1"
x220y055,x220y055,"1"
x220y056,x220y056,"1"
x220y057,x220y057,"1"
x220y058,x220y058,"1"
x220y059,x220y059,"1"
x220y060,x220y060,"1"
x220y061,x220y061,"1"
x220y062,x220y062,"1"
x220y063,x220y063,"1"
x220y064,x220y064,"1"
x220y065,x220y065,"1"
x220y066,x220y066,"1"
x220y067,x220y067,"1"
x220y068,x220y068,"1"
x220y069,x220y069,"1"
x220y070,x220y070,"1"
x220y071,x220y071,"1"
x220y072,x220y072,"1"
x220y073,x220y073,"1"
x220y074,x220y074,"1"
x220y075,x220y075,"1"
x220y076,x220y076,"1"
x220y077,x220y077,"1"
x220y078,x220y078,"1"
x220y079,x220y079,"1"
x220y080,x220y080,"1"
x220y081,x220y081,"1"
x220y082,x220y082,"1"
x220y083,x220y083,"1"
x220y084,x220y084,"1"
x220y085,x220y085,"1"
x220y086,x220y086,"1"
x220y087,x220y087,"1"
x220y088,x220y088,"1"
x220y089,x220y089,"1"
x220y090,x220y090,"1"
x220y091,x220y091,"1"
x220y092,x220y092,"1"
x220y093,x220y093,"1"
x220y094,x220y094,"1"
x220y095,x220y095,"1"
x220y096,x220y096,"1"
x220y097,x220y097,"1"
x220y098,x220y098,"1"
x220y099,x220y099,"1"
x220y100,x220y100,"1"
x221y055,x221y055,"1"
x221y056,x221y056,"1"
x221y057,x221y057,"1"
x221y058,x221y058,"1"
x221y059,x221y059,"1"
x221y060,x221y060,"1"
x221y061,x221y061,"1"
x221y062,x221y062,"1"
x221y063,x221y063,"1"
x221y066,x221y066,"1"
x221y067,x221y067,"1"
x221y069,x221y069,"1"
x221y070,x221y070,"1"
x221y071,x221y071,"1"
x221y072,x221y072,"1"
x221y073,x221y073,"1"
x221y074,x221y074,"1"
x221y075,x221y075,"1"
x221y076,x221y076,"1"
x221y077,x221y077,"1"
x221y078,x221y078,"1"
x221y079,x221y079,"1"
x221y080,x221y080,"1"
x221y081,x221y081,"1"
x221y082,x221y082,"1"
x221y083,x221y083,"1"
x221y084,x221y084,"1"
x221y085,x221y085,"1"
x221y086,x221y086,"1"
x221y087,x221y087,"1"
x221y088,x221y088,"1"
x221y089,x221y089,"1"
x221y090,x221y090,"1"
x221y091,x221y091,"1"
x221y092,x221y092,"1"
x221y093,x221y093,"1"
x221y094,x221y094,"1"
x221y095,x221y095,"1"
x221y096,x221y096,"1"
x221y097,x221y097,"1"
x221y098,x221y098,"1"
x222y057,x222y057,"1"
x222y058,x222y058,"1"
x222y073,x222y073,"1"
x222y074,x222y074,"1"
x222y075,x222y075,"1"
x222y076,x222y076,"1"
x222y077,x222y077,"1"
x222y078,x222y078,"1"
x222y079,x222y079,"1"
x222y080,x222y080,"1"
x222y081,x222y081,"1"
x222y082,x222y082,"1"
x222y083,x222y083,"1"
x222y084,x222y084,"1"
x222y085,x222y085,"1"
x222y086,x222y086,"1"
x222y087,x222y087,"1"
x222y088,x222y088,"1"
x222y089,x222y089,"1"
x222y090,x222y090,"1"
x222y091,x222y091,"1"
x222y092,x222y092,"1"
x222y093,x222y093,"1"
x222y094,x222y094,"1"
x222y095,x222y095,"1"
x222y096,x222y096,"1"
x222y097,x222y097,"1"
x223y054,x223y054,"1"
x223y075,x223y075,"1"
x223y076,x223y076,"1"
x223y077,x223y077,"1"
x223y078,x223y078,"1"
x223y079,x223y079,"1"
x223y080,x223y080,"1"
x223y081,x223y081,"1"
x223y082,x223y082,"1"
x223y083,x223y083,"1"
x223y084,x223y084,"1"
x223y085,x223y085,"1"
x223y086,x223y086,"1"
x223y087,x223y087,"1"
x223y088,x223y088,"1"
x223y089,x223y089,"1"
x223y090,x223y090,"1"
x223y091,x223y091,"1"
x223y092,x223y092,"1"
x223y093,x223y093,"1"
x223y094,x223y094,"1"
x223y095,x223y095,"1"
x224y045,x224y045,"1"
x224y046,x224y046,"1"
x224y047,x224y047,"1"
x224y048,x224y048,"1"
x224y049,x224y049,"1"
x224y060,x224y060,"1"
x224y061,x224y061,"1"
x224y076,x224y076,"1"
x224y077,x224y077,"1"
x224y078,x224y078,"1"
x224y079,x224y079,"1"
x224y080,x224y080,"1"
x224y081,x224y081,"1"
x224y082,x224y082,"1"
x224y083,x224y083,"1"
x224y084,x224y084,"1"
x224y085,x224y085,"1"
x224y086,x224y086,"1"
x224y087,x224y087,"1"
x224y088,x224y088,"1"
x224y089,x224y089,"1"
x224y090,x224y090,"1"
x224y091,x224y091,"1"
x224y092,x224y092,"1"
x224y093,x224y093,"1"
x224y094,x224y094,"1"
x224y095,x224y095,"1"
x225y044,x225y044,"1"
x225y045,x225y045,"1"
x225y046,x225y046,"1"
x225y047,x225y047,"1"
x225y048,x225y048,"1"
x225y049,x225y049,"1"
x225y050,x225y050,"1"
x225y051,x225y051,"1"
x225y052,x225y052,"1"
x225y053,x225y053,"1"
x225y054,x225y054,"1"
x225y055,x225y055,"1"
x225y060,x225y060,"1"
x225y061,x225y061,"1"
x225y078,x225y078,"1"
x225y079,x225y079,"1"
x225y080,x225y080,"1"
x225y081,x225y081,"1"
x225y082,x225y082,"1"
x225y083,x225y083,"1"
x225y084,x225y084,"1"
x225y085,x225y085,"1"
x225y086,x225y086,"1"
x225y087,x225y087,"1"
x225y088,x225y088,"1"
x225y089,x225y089,"1"
x225y090,x225y090,"1"
x225y091,x225y091,"1"
x226y044,x226y044,"1"
x226y045,x226y045,"1"
x226y046,x226y046,"1"
x226y047,x226y047,"1"
x226y048,x226y048,"1"
x226y049,x226y049,"1"
x226y050,x226y050,"1"
x226y051,x226y051,"1"
x226y052,x226y052,"1"
x226y053,x226y053,"1"
x226y054,x226y054,"1"
x226y055,x226y055,"1"
x226y056,x226y056,"1"
x226y059,x226y059,"1"
x226y060,x226y060,"1"
x226y079,x226y079,"1"
x226y080,x226y080,"1"
x226y081,x226y081,"1"
x226y082,x226y082,"1"
x226y083,x226y083,"1"
x226y084,x226y084,"1"
x226y085,x226y085,"1"
x226y086,x226y086,"1"
x226y087,x226y087,"1"
x226y088,x226y088,"1"
x226y089,x226y089,"1"
x226y090,x226y090,"1"
x226y091,x226y091,"1"
x227y044,x227y044,"1"
x227y045,x227y045,"1"
x227y046,x227y046,"1"
x227y047,x227y047,"1"
x227y048,x227y048,"1"
x227y049,x227y049,"1"
x227y050,x227y050,"1"
x227y051,x227y051,"1"
x227y052,x227y052,"1"
x227y053,x227y053,"1"
x227y054,x227y054,"1"
x227y055,x227y055,"1"
x227y056,x227y056,"1"
x227y080,x227y080,"1"
x227y081,x227y081,"1"
x227y082,x227y082,"1"
x227y083,x227y083,"1"
x227y084,x227y084,"1"
x227y085,x227y085,"1"
x227y086,x227y086,"1"
x227y087,x227y087,"1"
x227y088,x227y088,"1"
x227y089,x227y089,"1"
x227y090,x227y090,"1"
x227y091,x227y091,"1"
x228y044,x228y044,"1"
x228y045,x228y045,"1"
x228y046,x228y046,"1"
x228y047,x228y047,"1"
x228y048,x228y048,"1"
x228y049,x228y049,"1"
x228y050,x228y050,"1"
x228y051,x228y051,"1"
x228y052,x228y052,"1"
x228y053,x228y053,"1"
x228y054,x228y054,"1"
x228y055,x228y055,"1"
x228y056,x228y056,"1"
x228y057,x228y057,"1"
x228y058,x228y058,"1"
x228y081,x228y081,"1"
x228y082,x228y082,"1"
x228y083,x228y083,"1"
x228y084,x228y084,"1"
x228y085,x228y085,"1"
x228y086,x228y086,"1"
x228y087,x228y087,"1"
x228y088,x228y088,"1"
x228y089,x228y089,"1"
x228y090,x228y090,"1"
x228y091,x228y091,"1"
x229y047,x229y047,"1"
x229y048,x229y048,"1"
x229y049,x229y049,"1"
x229y050,x229y050,"1"
x229y051,x229y051,"1"
x229y052,x229y052,"1"
x229y053,x229y053,"1"
x229y054,x229y054,"1"
x229y055,x229y055,"1"
x229y056,x229y056,"1"
x229y057,x229y057,"1"
x229y058,x229y058,"1"
x229y059,x229y059,"1"
x229y060,x229y060,"1"
x229y082,x229y082,"1"
x229y083,x229y083,"1"
x229y084,x229y084,"1"
x229y085,x229y085,"1"
x229y086,x229y086,"1"
x229y087,x229y087,"1"
x229y088,x229y088,"1"
x229y089,x229y089,"1"
x229y090,x229y090,"1"
x229y091,x229y091,"1"
x230y050,x230y050,"1"
x230y051,x230y051,"1"
x230y052,x230y052,"1"
x230y053,x230y053,"1"
x230y054,x230y054,"1"
x230y055,x230y055,"1"
x230y056,x230y056,"1"
x230y057,x230y057,"1"
x230y058,x230y058,"1"
x230y059,x230y059,"1"
x230y060,x230y060,"1"
x230y061,x230y061,"1"
x230y084,x230y084,"1"
x230y085,x230y085,"1"
x230y086,x230y086,"1"
x230y087,x230y087,"1"
x230y088,x230y088,"1"
x230y089,x230y089,"1"
x230y090,x230y090,"1"
x230y091,x230y091,"1"
x230y092,x230y092,"1"
x231y054,x231y054,"1"
x231y055,x231y055,"1"
x231y056,x231y056,"1"
x231y057,x231y057,"1"
x231y058,x231y058,"1"
x231y059,x231y059,"1"
x231y060,x231y060,"1"
x231y087,x231y087,"1"
x231y088,x231y088,"1"
x231y089,x231y089,"1"
x231y090,x231y090,"1"
x231y091,x231y091,"1"
x231y092,x231y092,"1"
x232y089,x232y089,"1"
x232y090,x232y090,"1"
x232y091,x232y091,"1"
x232y092,x232y092,"1"
